Question,Answer
ผมปวดท้องมาก อ้วกด้วย ตอนนี้ตีสองยังมีแผนกไหนเปิดอยู่ไหมครับ? ก. Endocrinology ข. Orthopedics ค. Emergency ง. Internal Medicine,
ยา Clopidogrel mg tablet ในปี 2567 จ่ายในอัตราเท่าใดต่อเม็ดในกรณีผู้ป่วยนอก (OP)? ก. 2 บาท/เม็ด ข. 3 บาท/เม็ด ค. 4 บาท/เม็ด ง. 5 บาท/เม็ด,ข
ข้อใดต่อไปนี้เป็นอาการฉุกเฉินวิกฤตที่เข้าข่ายสิทธิ UCEP? ก. เจ็บหน้าอกเฉียบพลันรุนแรง ข. ปวดหัวอย่างรุนแรง ค. มีไข้สูง ง. ปวดท้องเรื้อรัง,
สิทธิในข้อใดที่ไม่รวมอยู่ในสิทธิประโยชน์ของผู้มีสิทธิหลักประกันสุขภาพแห่งชาติ? ก. สิทธิหลักประกันสุขภาพแห่งชาติ ข. สิทธิบัตรทอง ค. สิทธิ 30 บาทรักษาทุกโรค ง. ไม่มีข้อใดถูกต้อง,ง
ค่าบริการเคลือบฟลูออไรด์ชนิดเข้มข้นสูงเฉพาะที่มีอัตราเหมาจ่ายเท่าใดต่อครั้ง? ก. 50 บาท ข. 75 บาท ค. 100 บาท ง. 150 บาท,ค
ในเดือนใดของปี 2568 ที่อัตราจ่ายแบบเหมาจ่ายสำหรับผู้ป่วยเบาหวานชนิดที่ 1 ต่ำที่สุด? ก. เดือนมกราคม ข. เดือนกรกฎาคม ค. เดือนสิงหาคม ง. เดือนกันยายน,ง
ผู้ที่ต้องการใส่ฟันปลอมต้องมีอายุเท่าใดขึ้นไป? ก. 40 ปี ข. 50 ปี ค. 60 ปี ง. ไม่ได้จำกัดอายุ,ง
การให้บริการสาธารณสุขระบบทางไกลมีอัตราจ่ายเท่าใดต่อครั้ง? ก. 40 บาท ข. 50 บาท ค. 60 บาท ง. 70 บาท,ข
คนไข้ชายอายุ 50 ปี มีอาการปวดหลัง ชาปลายมือ ปวดลงขา ควรพบหมอแผนกไหน? ก. Neurology ข. Orthopedics ค. Cardiology ง. Nephrology,ก
หน่วยบริการใดที่สามารถให้บริการตรวจคัดกรองไวรัสตับอักเสบบีได้? ก. โรงพยาบาลเอกชนเท่านั้น ข. หน่วยบริการในระบบหลักประกันสุขภาพแห่งชาติ ค. คลินิกทั่วไป ง. โรงพยาบาลต่างประเทศ,ข
"อัตราค่าบริการตรวจคัดกรองมะเร็งเต้านมด้วยเครื่องแมมโมแกรมและอัลตราซาวด์ไม่เกินกี่บาทต่อครั้งต่อ 2 ปี? ก. 1,200 บาท ข. 2,400 บาท ค. 3,600 บาท ง. 4,800 บาท",ข
คนไข้ P020 ชาย อายุ 47 ปี ใช้ประกัน โตเกียวมารีนประกัน มีอาการปวดหลังเรื้อรัง ประกันครอบคลุมการรักษาที่แผนกออร์โธปิดิกส์หรือไม่? ก. ครอบคลุม ข. ไม่ครอบคลุม ค. ครอบคลุมบางส่วน ง. ต้องเช็คกับประกัน,
ปริมาณการใช้ยาน้ำมันกัญชาต่อคนต่อเดือนสูงสุดคือเท่าใด? ก. 1 ขวด ข. 2 ขวด ค. 3 ขวด ง. 4 ขวด,ข
แผนกไหนที่ให้บริการ Hormone Therapy? ก. แผนกโรคหัวใจ ข. แผนกต่อมไร้ท่อ ค. แผนกฉุกเฉิน ง. แผนกออร์โธปิดิกส์,ข
คำปรึกษาเรื่องความเป็นมาของโรคหูดอวัยวะเพศผู้หญิงมีค่าใช้จ่ายเท่าใด? ก. 40 บาท ข. 50 บาท ค. 60 บาท ง. 80 บาท,
การผ่าคลอดสามารถใช้สิทธิหลักประกันสุขภาพแห่งชาติได้ในกรณีใด? ก. เมื่อมารดาขอให้แพทย์ผ่าคลอดเพราะกลัวเจ็บครรภ์ ข. เมื่อแพทย์ประเมินและมีข้อบ่งชี้ที่เหมาะสม ค. เมื่อมารดาต้องการเลือกวันคลอดเอง ง. เมื่อไม่มีข้อบ่งชี้ของแพทย์,
การตรวจหาการติดเชื้อเอชไอวีด้วยตนเอง (HIVSST) สามารถทำได้ไม่เกินกี่ครั้งต่อวัน? ก. 1 ครั้ง ข. 2 ครั้ง ค. 3 ครั้ง ง. ไม่จำกัด,ก
ผู้ป่วยหัวใจวายเฉียบพลัน เวลา 02:00 น. Dr. Emily Chen ไม่อยู่ (ทำงานเฉพาะจันทร์-พุธ) ใครจะดูแลแทน? ก. Dr. Sarah Johnson ข. Dr. Michael Williams ค. Dr. Robert Martinez ง. แพทย์เวรฉุกเฉิน,
ในปีงบประมาณ 2568 ยาน้ำมันสารสกัดกัญชามีเงื่อนไขการใช้ยาอย่างไร? ก. ใช้ในกรณีโรคหัวใจ ข. ใช้เฉพาะกรณีโรคลมชักที่รักษายากและโรคลมชักที่ดื้อยา ค. ใช้สำหรับทุกโรค ง. ใช้ในกรณีโรคเบาหวาน,ข
การจ่ายค่าติดตามการรักษาบริการผ่าตัดใส่รากฟันเทียมในปีที่ 2 ถึงปีที่ 5 จ่ายในอัตราเท่าใดต่อครั้ง? ก. 500 บาท ข. 600 บาท ค. 700 บาท ง. 800 บาท,ค
ระบบใดที่ใช้ติดตามข้อมูลการจ่ายชดเชยโรคเฉพาะสำหรับบริการฝึกทักษะการดำรงชีวิตอิสระสำหรับคนพิการ? ก. Disability Portal ข. Seamless for DMIS ค. Krungthai Digital Health Platform ง. ระบบประมวลผลการจ่ายเงิน,ข
หน่วยบริการใดที่สามารถให้บริการยาน้ำมันกัญชาได้? ก. หน่วยบริการที่มีแพทย์แผนไทยเท่านั้น ข. หน่วยบริการที่มีศักยภาพและบุคลากรตามมาตรฐานที่กระทรวงสาธารณสุขกำหนด ค. หน่วยบริการที่มีแพทย์เฉพาะทาง ง. หน่วยบริการที่อยู่ในเมืองใหญ่เท่านั้น,ข
บริการผ่าตัดใส่รากฟันเทียมให้บริการแก่ผู้รับบริการที่มีลักษณะอย่างไร? ก. สูญเสียฟันบางส่วนของขากรรไกรบน ข. สูญเสียฟันทั้งหมดของขากรรไกรบนและหรือขากรรไกรล่าง ค. สูญเสียฟันทั้งหมดของขากรรไกรบนเท่านั้น ง. สูญเสียฟันบางส่วนของขากรรไกรล่าง,ข
หากมีข้อสงสัยหรือข้อโต๊ะแย้งเรื่องอาการของผู้ป่วยฉุกเฉินวิกฤตสามารถติดต่อสอบถามได้ที่ไหน? ก. สำนักงานประกันสุขภาพแห่งชาติ ข. ศูนย์ประสานงานคุมครองสิทธิผู้ป่วยฉุกเฉินวิกฤต ค. กรมสนับสนุนบริการสุขภาพ ง. กระทรวงสาธารณสุข,
ในกรณีที่ผู้ป่วยมีหน่วยบริการมากกว่า 1 แห่ง การจ่ายเพิ่มเติมเมื่อผู้ป่วยเสียชีวิตจะไปที่หน่วยบริการใด? ก. หน่วยบริการที่ให้บริการผู้ป่วยล่าสุด ข. หน่วยบริการที่ให้บริการผู้ป่วยก่อนเสียชีวิต ค. หน่วยบริการที่มีแพทย์ประจำ ง. หน่วยบริการที่อยู่ใกล้บ้านผู้ป่วยที่สุด,ข
คุณเพ็ญศรี (P011) อายุ 31 ปี มาด้วยอาการปวดข้อ เบื่ออาหาร ควรส่งแผนกไหนก่อน? ก. แผนกออร์โธปิดิกส์ ข. อายุรกรรม ค. โรคหัวใจ ง. แผนกต่อมไร้ท่อ,
หากต้องการรับคำแนะนำเกี่ยวกับการใช้สิทธิหลักประกันสุขภาพแห่งชาติ ควรติดต่อช่องทางใด? ก. ศูนย์ข้อมูลกฎหมาย สปสช. ข. สายด่วน สปสช. โทร. 1330 ค. เว็บไซต์ สปสช. ง. ศูนย์บริการสารสนเทศประกันสุขภาพ,
ถ้าจะติดต่อแผนก Cardiology ต้องโทรสอบถามหมายเลขใด? ก. +1-555-2001 ข. +1-555-2002 ค. +1-555-2003 ง. +1-555-2004,
การตรวจหาการติดเชื้อเอชไอวีโดยสมัครใจ (Anti-HIV) มีอัตราจ่ายเท่าใดต่อครั้ง? ก. 100 บาท ข. 120 บาท ค. 140 บาท ง. 160 บาท,ค
แผนกไหนที่ให้บริการ Spine Surgery? ก. แผนกโรคหัวใจ ข. แผนกต่อมไร้ท่อ ค. แผนกฉุกเฉิน ง. แผนกออร์โธปิดิกส์,ง
การใช้สิทธิหลักประกันสุขภาพแห่งชาติในการรับยาต้องใช้ใบส่งตัวจาก rw. หรือไม่? ก. ต้องใช้ทุกครั้ง ข. ไม่ต้องใช้ใบส่งตัว ค. ขึ้นอยู่กับดุลยพินิจของแพทย์ ง. ใช้ในบางกรณี,
คุณ John Doe (P001) : ตอนนี้ฉันแอดมิทหากฉันต้องเลือกกินอาหารต่อไปนี้ อาหารไหนที่ปลอดภัย? ก. ก๋วยเตี๋ยวต้มยำ ข. ข้าวผัด ค. ผัดไท ง. ก๋วยเตี๋ยวเรือ,
การจ่ายค่าใช้จ่ายสำหรับผู้ป่วยฉุกเฉินวิกฤตในปี 2568 ใช้ระบบใด? ก. ระบบค่าบริการคงที่ (Fixed Fee) ข. ระบบกลุ่มวินิจฉัยโรคร่วม (DRGs) ค. ระบบเบิกจ่ายตรง ง. ไม่มีข้อใดถูกต้อง,ข
การเปลี่ยนหน่วยบริการประจำในระบบหลักประกันสุขภาพแห่งชาติต่อปีงบประมาณสามารถทำได้กี่ครั้ง? ก. 2 ครั้ง ข. 3 ครั้ง ค. 4 ครั้ง ง. 5 ครั้ง,
โปรแกรมที่ใช้ในเขต 13 สำหรับบริการตรวจคัดกรองมะเร็งลำไส้ด้วย FIT Test คือโปรแกรมใด? ก. e-Claim ข. KTB ค. HIS ง. ไม่มีข้อใดถูกต้อง,ข
สิทธิใดที่สามารถรับบริการสำหรับกรณีค่าใช้จ่ายสูงเกินปกติได้? ก. สิทธิหลักประกันสุขภาพแห่งชาติ ข. สิทธิบัตรทอง ค. สิทธิประกันสังคม ง. สิทธิประกันชีวิต,ก
การรักษาโรคสมองด้วยวิธี STEREOTACTIC RADIOSURGERY เริ่มรับข้อมูลในการเบิกจ่ายตั้งแต่วันใด? ก. 1 มกราคม 2558 ข. 1 กรกฎาคม 2558 ค. 1 กันยายน 2556 ง. 15 กรกฎาคม 2559,ก
แผนก Orthopedics เปิดให้บริการกี่โมงคะ? ก. 24/7 ข. 08:00-18:00 ค. 06:00-20:00 ง. 07:00-19:00,
อัตราจ่ายสำหรับการ Counseling สำหรับผู้รับยาในบริการป้องกันการติดเชื้อเอชไอวีด้วยยาต้านไวรัสคือเท่าใด? ก. 20 บาท/ครั้ง ข. 80 บาท/คน ค. 140 บาท/ครั้ง ง. 240 บาท/ครั้ง,ก
วิธีการใดต่อไปนี้ใช้ในการตรวจหาเชื้อดื้อยาระ INH + Rifampicin? ก. TB-LAMP ข. Real-time PCR (Xpert MTB/RIF) ค. Real-time PCR MTB/MDR ง. AFB,ค
ใครเป็นกลุ่มเป้าหมายสำหรับการใช้ยาน้ำมันกัญชาที่ผลิตจากช่อดอกในปีงบประมาณ 2567 และ 2568? ก. ผู้ป่วยโรคเบาหวาน ข. ผู้ป่วยโรคมะเร็ง ค. ผู้ป่วยโรคหัวใจ ง. ผู้ป่วยโรคตับ,ข
ค่าบริการยาเม็ดเสริมธาตุเหล็กและการให้คำแนะนำติดตามมีค่าใช้จ่ายเท่าใด? ก. 60 บาท ข. 65 บาท ค. 80 บาท ง. 100 บาท,ค
คุณ Siriporn Kaewdang (P008) แพ้ Penicillin มีอาการไข้ เจ็บคอ ต้องการยาปฏิชีวนะ ขั้นตอนสำคัญคือ? ก. ให้ Penicillin ข. เช็คการแพ้ก่อน ค. ให้ Azithromycin ง. ส่งแผนกฉุกเฉิน,
กลุ่มใดต่อไปนี้ถือว่าเป็นกลุ่มเสี่ยงสูงที่ต้องได้รับการตรวจค้นหาและคัดกรองวัณโรค? ก. ผู้สัมผัสผู้ป่วยวัณโรค ข. ผู้สูงอายุ ≥ 65 ปีที่สูบบุหรี่ ค. ผู้ต้องขัง ง. ถูกทุกข้อ,ง
คุณ Wanchai Duangjai (P020) อายุ 47 ปี มีอาการปวดหลังเรื้อรัง การประกันของเขาครอบคลุมการรักษาหรือไม่? ก. ครอบคลุมเต็มจำนวน ข. ครอบคลุมบางส่วน ค. ไม่ครอบคลุม ง. ต้องเช็คกับประกัน,
บริการทำหมันเริ่มรับข้อมูลผู้ป่วยนอกที่รับบริการตั้งแต่วันที่เท่าใด? ก. 1 มกราคม 2550 ข. 1 มกราคม 2555 ค. 1 มกราคม 2558 ง. 1 มกราคม 2560,
"หากเกิดอุบัติเหตุจากรถจะต้องใช้สิทธิตาม พ.ร.บ.คุ้มครองผู้ประสบภัยจากรถในวงเงินเท่าไร ก่อนที่จะใช้สิทธิหลักประกันสุขภาพแห่งชาติต่อได้? ก. 10,000 บาท ข. 30,000 บาท ค. 50,000 บาท ง. 80,000 บาท",
หมายเลขคิวผู้ป่วยไหนอยู่ที่ห้อง R002 ? ก. P001 ข. P002 ค. P003 ง. ไม่มีผู้ป่วย,
การตรวจเลือดคัดกรองภาวะชิดสามารถดำเนินการได้ในกลุ่มใด? ก. เด็กเล็ก อายุ 0-5 ปี ข. เด็กโตและวัยรุ่นอายุ 6-24 ปี ค. ผู้ใหญ่อายุ 25-59 ปี ง. ถูกทุกข้อ,
"เลนส์แก้วตาเทียมชนิดพับได้มีอัตราจ่ายเท่าใดต่ออัน? ก. 700 บาท ข. 1,500 บาท ค. 2,800 บาท ง. 3,000 บาท",ค
ประกาศสำนักงานหลักประกันสุขภาพแห่งชาติ เรื่องการจ่ายค่าใช้จ่ายเพื่อบริการสาธารณสุข กรณีบริการการแพทย์แผนไทยและการแพทย์ทางเลือก พ.ศ. 2567 ได้ยกเลิกประกาศปีใด? ก. 2565 ข. 2566 ค. 2567 ง. 2568,
อัตราจ่ายสำหรับบริการนวดและประคบอยู่ที่เท่าไหร่ต่อครั้ง? ก. 200 Point ข. 250 Point ค. 300 Point ง. 350 Point,ข
หมอมิเชล มีประสบการณ์การทำงานกี่ปี? ก. 12 ปี ข. 15 ปี ค. 18 ปี ง. 20 ปี,
สำนักงานหลักประกันสุขภาพแห่งชาติ (สปสช.) อยู่ภายใต้การกำกับดูแลของหน่วยงานใด? ก. กระทรวงศึกษาธิการ ข. กระทรวงสาธารณสุข ค. กระทรวงการคลัง ง. กระทรวงการต่างประเทศ,
แผนกไหนที่ให้บริการ Joint Replacement? ก. Cardiology ข. Endocrinology ค. Emergency ง. Orthopedics,ง
ผู้ป่วยหญิงมีอาการแพ้ยารุนแรง หลังฉีดยาปฏิชีวนะ เจ้าหน้าที่พบว่าเป็นคุณ Anchalee Thanakit (P006) ควรหลีกเลี่ยงยาไหน? ก. Penicillin ข. Shellfish ค. Latex ง. ไม่มีข้อมูลการแพ้ยา,
เงื่อนไขใหม่ 2568 สำหรับค่าพาหนะส่งต่อมีการคำนวณระยะทางจากอะไร? ก. ระยะทางจาก GPS ข. ระยะทางจากแผนที่ออนไลน์ ค. ระยะทางกรมทางหลวง ง. ระยะทางจากแอปพลิเคชันส่วนตัว,ค
ผู้มีสิทธิรับบริการรักษาผ่าตัดต้อกระจกประกอบด้วยสิทธิใดบ้าง? ก. สิทธิหลักประกันสุขภาพแห่งชาติ ข. สิทธิผู้ประกันตนคนพิการ (D1) ค. ถูกทั้ง ก และ ข ง. ไม่มีข้อใดถูกต้อง,ค
อัตราค่าบริการเหมาจ่ายสำหรับการคัดกรองรอยโรคเสี่ยงมะเร็งช่องปากอยู่ที่เท่าใดต่อครั้งต่อคน? ก. 400 บาท ข. 500 บาท ค. 600 บาท ง. 700 บาท,ค
คนไข้ P010 มี Creatinine = 1.8 mg/dl และ eGFR = 45 ml/min กำลังกิน Losartan และ Amlodipine แต่ความดันยังสูง 150/95 mmHg ควรปรับยาอย่างไร? ก. ปรึกษาแพทย์เรื่องการเพิ่มขนาด Losartan ข. ปรึกษาแพทย์เรื่องการเพิ่ม Diuretic ค. ปรึกษาแพทย์เรื่องการหยุด ACE inhibitor ง. ปรึกษาแพทย์เฉพาะทางไต,
การปรับปรุงข้อมูลสิทธิหลักประกันสุขภาพแห่งชาติในระบบตรวจสอบสิทธิอัตโนมัติจะทำในวันที่ใดของทุกเดือน? ก. วันที่ 1 และ 15 ข. วันที่ 10 และ 20 ค. วันที่ 15 และ 28 ง. วันที่ 5 และ 25,
บริการตรวจคัดกรองและค้นหาวัณโรคในกลุ่มเสี่ยงสูงมีค่าใช้จ่ายเท่าใด? ก. 50 บาท ข. 100 บาท ค. 400 บาท ง. ไม่มีค่าใช้จ่าย,ข
คุณประเสริฐ (P005) ได้รับการนัดพบ Dr. Sarah Johnson ที่แผนกโรคหัวใจ เขาต้องหลีกเลี่ยงยาตัวไหน? ก. Simvastatin ข. Atorvastatin ค. ยาที่มี Codeine ง. ยาที่มี Aspirin,
อัตราจ่ายค่าตรวจ serum creatinine สำหรับผู้ป่วยความดันโลหิตสูงรายใหม่ต่อครั้งเท่าใด? ก. 30 บาท ข. 45 บาท ค. 60 บาท ง. 75 บาท,ข
อัตราค่าบริการตรวจคัดกรองพยาธิใบไม้ตับด้วยการตรวจปัสสาวะมีอัตราเท่าใดต่อครั้ง? ก. 100 บาท ข. 150 บาท ค. 200 บาท ง. 250 บาท,ข
แผนก Endocrinology เปิดให้บริการกี่โมงครับ? ก. 24/7 ข. 08:00-18:00 ค. 06:00-20:00 ง. 07:00-19:00,
การจ่ายชดเชยในระบบหลักประกันสุขภาพแห่งชาติใช้โปรแกรมใดในการประมวลผล? ก. Microsoft Excel ข. Seamless for DMIS ค. Adobe Illustrator ง. Google Sheets,ข
ผู้ป่วยล้างไตผ่านทางช่องท้องสามารถรับน้ำยาล้างไตได้ที่ใด? ก. หน่วยบริการที่เข้าร่วมโครงการบำบัดทดแทนไตกับ สปสช. ข. ร้านขายยาทั่วไป ค. โรงพยาบาลเอกชน ง. เฉพาะโรงพยาบาลในจังหวัด,
คนไข้ P013 หญิง อายุ 33 ปี มีอาการเจ็บหน้าอก หายใจลำบาก กระวนกระวาย อาจเป็นโรคหัวใจหรือวิตกกังวล ควรส่งแผนกไหนก่อน? ก. แผนกโรคหัวใจ ข. แผนกจิตเวช ค. แผนกฉุกเฉิน ง. แผนกอายุรกรรม,
หากตรวจพบผลดื้อยาระ First-line drugs จะใช้วิธีใดในการวินิจฉัยวัณโรคนี้ต่อไป? ก. TB-LAMP ข. Line Probe Assay (FQ และ AG/CP) ค. Real-time PCR MTB/RIF ง. AFB,
เบอร์โทรศัพท์ของสำนักงานหลักประกันสุขภาพแห่งชาติ เขต 4 ระยอง คือหมายเลขใด? ก. 036-213-205 ข. 038-864-313-9 ค. 043-365-200-3 ง. 056-371-831,
ผู้มีสิทธิใดบ้างที่สามารถรับบริการการรักษาด้วยออกซิเจนความกดดันสูง? ก. สิทธิหลักประกันสุขภาพแห่งชาติ ข. สิทธิผู้ประกันตนคนพิการ (D1) ค. สิทธิผู้สูงอายุ ง. ก และ ข,ง
หน่วยบริการปฐมภูมิมีหน้าที่อะไร? ก. จัดบริการสาธารณสุขระดับปฐมภูมิอย่างเป็นองค์รวม ข. จัดบริการสาธารณสุขระดับทุติยภูมิ ค. จัดบริการสาธารณสุขเฉพาะทาง ง. จัดบริการสาธารณสุขระดับปฐมภูมิเฉพาะด้าน,
ค่าบริการตรวจคัดกรองมะเร็งลำไส้ด้วย FIT Test จ่ายแบบเหมาจ่ายในอัตราเท่าใดต่อครั้ง? ก. 40 บาท ข. 50 บาท ค. 60 บาท ง. 70 บาท,ค
หน่วยบริการรับคำใช้จ่ายจากที่ใดในการให้บริการผู้ป่วยปากแหว่งเพดานโหว่? ก. กระทรวงสาธารณสุข ข. สำนักงานหลักประกันสุขภาพแห่งชาติ (สปสช.) ค. หน่วยงานเอกชน ง. องค์การอนามัยโลก,ข
การฉีดวัคซีนไข้หวัดใหญ่ตามฤดูกาลมีเป้าหมายสำหรับกลุ่มใดบ้าง? ก. หญิงตั้งครรภ์ที่อายุครรภ์ 4 เดือนขึ้นไป ข. เด็กอายุ 6 เดือน ถึง 2 ปี ค. ผู้ป่วยโรคเรื้อรังทุกกลุ่มอายุ ง. ถูกทุกข้อ,ง
ผู้ที่เดินทางจากต่างจังหวัดและเข้าท้องคลอดสามารถใช้สิทธิหลักประกันสุขภาพแห่งชาติได้อย่างไร? ก. ต้องขอใบส่งตัวก่อนเข้ารับบริการ ข. ใช้สิทธิได้เฉพาะในจังหวัดที่พักอยู่ ค. เข้ารับบริการในหน่วยบริการในระบบ สปสช. โดยไม่ต้องขอใบส่งตัว ง. ต้องชำระเงินเองก่อนแล้วเบิกคืนภายหลัง,
ประกาศใดถูกยกเลิกโดยประกาศใหม่ในปี พ.ศ. ๒๕๖๖? ก. ประกาศเรื่องการจ่ายค่าใช้จ่ายเพื่อบริการผู้ป่วยโรคหัวใจ ข. ประกาศเรื่องการจ่ายค่าใช้จ่ายเพื่อบริการผู้ป่วยเบาหวานชนิดที่ ๑ และการดูแลหญิงตั้งครรภ์ที่เป็นเบาหวาน ค. ประกาศเรื่องการจ่ายค่าใช้จ่ายเพื่อบริการผู้ป่วยมะเร็ง ง. ไม่มีข้อใดถูกต้อง,ค
โปรแกรมใดที่ใช้ในการส่งข้อมูลเพื่อขอรับค่าใช้จ่ายสำหรับบริการอุปกรณ์และอวัยวะเทียมในการบำบัดรักษาโรค? ก. e-Claim ข. Health Tracker ค. MedClaim ง. HealthPlus,ก
วัคซีนในข้อใดที่มีการเพิ่มกลุ่มเป้าหมายเป็นกลุ่มผู้ต้องขัง? ก. วัคซีนพื้นฐาน (EPI) ข. วัคซีนคอตีบ-บาดทะยัก (dT) ในผู้ใหญ่ ค. วัคซีนป้องกันโรคริดสีดวงทวาร ง. วัคซีนป้องกันโรคริดใช้หวัดใหญ่ตามฤดูกาล,ง
เด็กอายุ 3 ปีที่ฟันกรามผุสามารถใช้สิทธิหลักประกันสุขภาพแห่งชาติในการรักษาอะไร? ก. ถอนฟัน ข. ผ่าฟัน ค. รักษาโพรงประสาทฟันน้ำนม ง. อุดฟัน,
ในเงื่อนไขใหม่ปี 2568 การเบิกค่ารักษาพยาบาลจากกองทุนผู้ประสบภัยจากรถสำหรับสิทธิใดต้องตรวจสอบก่อนจ่ายกรณีอุบัติเหตุแบบมีคู่กรณี? ก. ข้าราชการ ข. ขสมก. ค. สพฉ. ง. กทม.,ข
บริการตรวจอัลตราซาวน์ในบริการฝากครรภ์สามารถทำได้กี่ครั้ง? ก. 1 ครั้ง ข. 2 ครั้ง ค. 3 ครั้ง ง. ไม่จำกัดจำนวนครั้ง,ก
การให้บริการผู้ป่วยโรคกล้ามเนื้อหัวใจขาดเลือดเฉียบพลันชนิด ST Elevated ในปี 2567 ครอบคลุมผู้มีสิทธิใดบ้าง? ก. สิทธิหลักประกันสุขภาพแห่งชาติ ข. สิทธิผู้ประกันตนพิการ (D1) ค. สิทธิประกันสังคม ง. ก และ ข,ง
กรณีอุบัติเหตุเจ็บป่วยฉุกเฉินสามารถใช้สิทธิหลักประกันสุขภาพแห่งชาติได้ในสถานพยาบาลใด? ก. เฉพาะโรงพยาบาลรัฐที่อยู่ในระบบหลักประกันสุขภาพแห่งชาติ ข. โรงพยาบาลรัฐและเอกชนที่อยู่ในระบบหลักประกันสุขภาพแห่งชาติ ค. เฉพาะโรงพยาบาลเอกชนเท่านั้น ง. เฉพาะโรงพยาบาลในกรุงเทพมหานคร,ข
คุณกมล (P010) ต้องทำตรวจเพิ่มเติม แต่แพ้ Contrast dye ควรเลือกการตรวจชนิดไหน? ก. CT with contrast ข. MRI ค. Ultrasound ง. X-ray,
หน่วยบริการที่ให้บริการในกรณี OPAE ปี 2568 ต้องอยู่ในระบบใด? ก. ระบบประกันสังคม ข. ระบบ UC ค. ระบบสุขภาพเอกชน ง. ระบบการศึกษา,ข
ผู้มีสิทธิประกันสังคมสามารถใช้สิทธินโยบายปฐมภูมิไปที่ไหนก็ได้หรือไม่? ก. ได้ ข. ไม่ได้ ค. ได้เฉพาะกรณีฉุกเฉิน ง. ได้เฉพาะบางพื้นที่,ก
ผู้ป่วยที่ต้องใช้ออกซิเจนบำบัดอาการป่วยที่บ้าน สามารถใช้สิทธิหลักประกันสุขภาพแห่งชาติได้อย่างไร? ก. ซื้อออกซิเจนเอง ข. เติมถังออกซิเจนที่ รพ.ตามสิทธิ ค. ใช้สิทธิได้เฉพาะบางกรณี ง. ต้องจ่ายค่าใช้จ่ายเอง,
"อัตราจ่ายสำหรับการบริการผ่าตัดผ่านกล้อง MIS ในกรณีนอกเขตปี 2567 คือเท่าใดต่อ AdjRW? ก. 7,000 บาท ข. 8,350 บาท ค. 9,600 บาท ง. 10,000 บาท",ค
คนไข้ผู้สูงอายุ มาด้วยอาการลืมง่าย สับสน มีพฤติกรรมเปลี่ยนแปลง ควรพบหมอแผนกไหน? ก. Neurology ข. Psychiatry ค. Endocrinology ง. Internal Medicine,ก
การตรวจ Hct (Hematocrit) มีความสำคัญอย่างไรในการดูแลผู้ป่วยโรคโลหิตจางธาลัสซีเมีย? ก. ใช้สำหรับตรวจสอบระดับธาตุเหล็กในเลือด ข. เพื่อประเมินความต้องการให้เลือด ค. สำหรับตรวจสอบการทำงานของไต ง. เพื่อประเมินระดับน้ำตาลในเลือด,ข
ทารกที่คลอดออกมาต้องเข้าตู้อบสามารถใช้สิทธิหลักประกันสุขภาพแห่งชาติได้ในกรณีใด? ก. บิดามีสิทธิประกันสังคม ข. มารดามีสิทธิประกันสังคม ค. บิดาไม่มีสิทธิสวัสดิการใดๆ ด้านการรักษาพยาบาล ง. มารดาไม่มีสิทธิประกันสังคม,
บริการทดสอบการตั้งครรภ์สามารถทำได้กี่ครั้งต่อปี? ก. ไม่จำกัดจำนวนครั้ง ข. 2 ครั้ง ค. 4 ครั้ง ง. 6 ครั้ง,ค
ผู้ป่วยเข้ารับการรักษาที่แผนกฉุกเฉิน แต่ห้อง ER01 เต็ม ต้องใช้ห้องสำรอง ห้องไหนเหมาะสม? ก. R001 ข. R004 ค. R005 ง. R006,
วัคซีนคอตีบ บาดทะยัก (dT) ควรได้รับทุกๆ กี่ปีในวัยทำงาน? ก. ทุก 5 ปี ข. ทุก 10 ปี ค. ทุก 15 ปี ง. ทุก 20 ปี,ข
ในกรณีทั่วไป ผู้ใช้สิทธิหลักประกันสุขภาพแห่งชาติต้องแสดงเอกสารใดเมื่อเข้ารับบริการ? ก. บัตรประชาชนหรือเอกสารอื่นที่มีเลขประจำตัวประชาชน ข. บัตรนักศึกษา ค. ใบขับขี่ ง. สมุดบัญชีธนาคาร,
คู่มือแนวทางการรักษาโรคมะเร็งในผู้ใหญ่ปี 2566 ครอบคลุมมะเร็งชนิดใดบ้าง? ก. มะเร็งตับและห่อน้ำดี ข. มะเร็งลำไส้ใหญ่และลำไส้ตรง ค. มะเร็งกระเพาะปัสสาวะ ง. ถูกทุกข้อ,ง
การจ่ายค่าใช้จ่ายสำหรับการผ่าตัดข้อเข่าเทียมเป็นไปตามอะไร? ก. จ่ายตาม DRG และ On top คำอุปกรณ์ตามประกาศ ข. จ่ายตามราคาตลาด ค. จ่ายตามการประเมินของแพทย์ ง. จ่ายตามความพึงพอใจของผู้ป่วย,ก
ผู้ป่วยเด็กอายุ 6 ปี กินยาลดไข้ที่บ้าน มีอาการผื่นแดง บวม หายใจลำบาก สงสัยแพ้ยา ยาลดไข้ที่อาจก่อให้เกิดภูมิแพ้คือ? ก. Paracetamol ข. Aspirin ค. Ibuprofen ง. ทุกชนิด,
หากผู้ป่วยต้องการใช้สิทธิหลักประกันสุขภาพแห่งชาติ ต้องทำอย่างไร? ก. ติดต่อแพทย์ประจำตัว ข. ติดต่อแจ้งขอใช้สิทธิและแสดงบัตรประชาชน ค. ซื้อประกันสุขภาพเพิ่มเติม ง. ไม่มีข้อใดถูกต้อง,
คุณ Sompong Jaidee (P003) อายุ 39 ปี มาโรงพยาบาลด้วยอาการเจ็บหน้าอก ขั้นตอนแรกควรทำอะไร? ก. จองคิว Cardiology ข. ตรวจประวัติการแพ้ยา ค. ไป Emergency ก่อน ง. นัดหมายแพทย์,
"การฝังแร่อิริเดียม (Implantation) next loading ตามประกาศ FS มีอัตราจ่ายเท่าใด? ก. 5,800.00 บาท ข. 6,000.00 บาท ค. 7,000.00 บาท ง. 1,000.00 บาท",
แผนกต่อมไร้ท่อมีหัวหน้าชื่อว่าอะไร? ก. Dr. Sarah Johnson ข. Dr. Michael Williams ค. Dr. Emily Chen ง. Dr. Robert Martinez,
ในเงื่อนไขใหม่ 2568 โปรแกรมใดที่ใช้สำหรับบันทึกการนัดผ่าตัดล่วงหน้า? ก. โปรแกรมสุขภาพทั่วไป ข. โปรแกรม Elective case ค. โปรแกรมบันทึกผู้ป่วยนอก ง. โปรแกรมการรักษาฉุกเฉิน,ข
"บริการยาเคมีบำบัดสำหรับผู้ป่วยมะเร็งลำไส้ใหญ่ที่บ้านมีอัตราจ่ายในเขตเท่าใดต่อ RW? ก. 7,500 บาท ข. 8,350 บาท ค. 9,000 บาท ง. 9,600 บาท",ข
ในกรณีอุบัติเหตุ ผู้มีสิทธิหลักประกันสุขภาพต้องใช้สิทธิตาม พ.ร.บ. ใดก่อน? ก. พ.ร.บ. ประกันสุขภาพ ข. พ.ร.บ. ประกันสังคม ค. พ.ร.บ. ผู้ประสบภัยจากรถ ง. พ.ร.บ. การรักษาพยาบาล,ค
เด็กชาย 8 ปี หายใจลำบาก ผื่นแดงทั่วตัว หลังกินขนมที่โรงเรียน สงสัยภูมิแพ้อาหารรุนแรง ควรหลีกเลี่ยงอาหารกลุ่มไหนในการรักษา? ก. นม ข. ถั่วลิสง ค. ไข่ ง. อาหารทะเล,
อายุครรภ์ระหว่างกี่สัปดาห์ที่หญิงต้องได้รับการตรวจและรับคำปรึกษาทางเลือกจากผู้ประกอบวิชาชีพก่อนยุติการตั้งครรภ์? ก. 8-10 สัปดาห์ ข. 10-12 สัปดาห์ ค. 12-20 สัปดาห์ ง. 20-24 สัปดาห์,ค
ผู้พ้นโทษจะต้องทำอะไรเพื่อให้ได้สิทธิหลักประกันสุขภาพแห่งชาติ? ก. ลงทะเบียนใหม่ด้วยตนเอง ข. เปลี่ยนหน่วยบริการประจำ ค. รับความยินยอมจากผู้ปกครอง ง. ไม่มีข้อใดถูกต้อง,
คนไข้ P010 มีโรคไตเสื่อม stage 2 มาด้วยอาการเจ็บหน้าอก ต้องทำ CT angiogram แต่แพ้ contrast dye ควรทำอย่างไร? ก. ทำ CT ปกติ ข. ให้ยาแพ้ก่อนฉีด ค. ไม่ควรทำ CT ง. ใช้ MRI แทน,
หน้าที่ใดที่คณะกรรมการกองทุนมีอำนาจในการให้คำแนะนำเกี่ยวกับงานสาธารณสุข? ก. พิจารณาอนุมัติแผนการเงินประจำปี ข. ให้คำแนะนำในการจัดทำข้อมูลและโครงการสาธารณสุข ค. ออกระเบียบเพื่อประสิทธิภาพในการบริหารกองทุน ง. พิจารณาอนุมัติโครงการหรือกิจกรรมตามวัตถุประสงค์ของกองทุน,
ฟันเทียมหรือฟันปลอมที่ชำรุดใช้งานยังไม่ครบ 5 ปี สามารถใช้สิทธิหลักประกันสุขภาพแห่งชาติได้หรือไม่? ก. ได้ ตามข้อบ่งชี้ทางการแพทย์ ข. ไม่ได้ ต้องรอให้ครบ 5 ปี ค. ได้ แต่ต้องจ่ายค่าบริการเพิ่ม ง. ไม่ได้ ต้องเปลี่ยนสิทธิ,
"ค่าบริการคำปรึกษาการตรวจคัดกรองวัณโรคด้วยวิธีการถ่ายภาพรังสีทรวงอก Chest-X-ray (CXR) มีค่าใช้จ่ายเท่าใด? ก. 50 บาท ข. 100 บาท ค. 400 บาท ง. 1,690 บาท",ข
คุณประเสริฐ (P005) อายุ 49 ปี มีผลค่าคอเลสเตอรอล = 245 mg/dl จากการตรวจ ต่อไปคือ? ก. เริ่มยาลดไขมัน ข. ปรึกษาแพทย์โรคหัวใจ ค. เปลี่ยนการกินอาหาร ง. ตรวจซ้ำอีกครั้ง,
ผู้มีสิทธิรับบริการฟื้นฟูสมรรถภาพด้านการแพทย์ระยะกลางแบบผู้ป่วยในคือกลุ่มใด? ก. สิทธิหลักประกันสุขภาพแห่งชาติ ข. สิทธิผู้ประกันตนคนพิการ ค. ผู้ป่วยทั่วไป ง. ก และ ข,ง
"การจ่ายค่าบริการ Home Chemo สำหรับมะเร็งลำไส้ใหญ่ที่บ้านในกรณีข้ามเขตมีอัตราจ่ายเท่าใดต่อ RW? ก. 8,350 บาท ข. 9,000 บาท ค. 9,600 บาท ง. 10,000 บาท",ค
"การผ่าตัดต้อกระจกในกรณีที่ระดับสายตา 20/200 ถึง 20/100 มีอัตราจ่ายเท่าใดต่อการผ่าตัด 1 ข้าง? ก. 4,000 บาท ข. 5,000 บาท ค. 6,000 บาท ง. 7,000 บาท",ข
สถานพยาบาลใดที่สามารถเข้าร่วมการเบิกจ่ายตรงสำหรับบริการฉีดยาเข้าวัณตาในเงื่อนไขใหม่ 2568? ก. สถานพยาบาลรัฐเท่านั้น ข. สถานพยาบาลเอกชนเท่านั้น ค. สถานพยาบาลที่เข้าร่วมเบิกจ่ายตรงที่มีคุณสมบัติตามที่กรมบัญชีกลางกำหนด ง. ไม่มีข้อใดถูกต้อง,
หากคุณเป็นคนไข้รายที่ 10 ที่จองคิว Emergency วันนี้ จะได้เลขคิวใด? ก. ER009 ข. ER010 ค. ER011 ง. ER012,ข
การสร้างหลักประกันสุขภาพถ้วนหน้ามีวัตถุประสงค์เพื่ออะไร? ก. การสร้างเสริมสุขภาพ ข. การป้องกันโรค ค. การรักษาพยาบาลและฟื้นฟูสมรรถภาพ ง. ถูกทุกข้อ,
การรักษาใดที่ครอบคลุมการบริการกรณีเฉพาะตามเนื้อหาที่กำหนด? ก. การดูแลรักษาโรคโลหิตจางธาลัสซีเมีย ข. การปลูกถ่ายเซลล์ต้นกำเนิดเม็ดโลหิต ค. การดูแลรักษาฟื้นฟูทางการแก้ไขการพูด ง. ถูกทุกข้อ,ง
หน่วยบริการใดที่สามารถใช้สิทธินโยบายปฐมภูมิไปที่ไหนก็ได้? ก. โรงพยาบาลเอกชน ข. คลินิกชุมชนอบอุ่น ค. ร้านสะดวกซื้อ ง. โรงเรียน,ข
คุณสุรศักดิ์ (P016) อายุ 40 ปี มาตรวจสุขภาพ พบว่ามีความดันตัวบน 174 ตัวล่าง110 ควรทำอย่างไร? ก. กลับบ้านและพักผ่อน ข. ส่งแผนกฉุกเฉิน ค. ส่งแผนกโรคหัวใจ ง. วัดความดันซ้ำ,
คุณกมล (P010) มีโรคไตเสื่อม stage 2 มาตรวจตามนัด ผลตรวจล่าสุด Creatinine = 1.8 mg/dl หมายความว่า? ก. ไตทำงานปกติ ข. ไตเสื่อมเล็กน้อย ค. ไตเสื่อมปานกลาง ง. ไตวายเรื้อรัง,
เด็กอายุต่ำกว่า 15 ปีต้องแสดงเอกสารใดเมื่อใช้สิทธิหลักประกันสุขภาพแห่งชาติกรณีเจ็บป่วยฉุกเฉิน? ก. บัตรประจำตัวประชาชน ข. สูติบัตร ค. บัตรนักเรียน ง. บัตรประกันสุขภาพ,
หากไม่มีชื่อในทะเบียนบ้านปัจจุบัน ควรทำอย่างไรเป็นอันดับแรก? ก. ตรวจสอบสถานะทางทะเบียน ข. รวบรวมเอกสารทางทะเบียน ค. ยืนคำร้องต่อเจ้าหน้าที่ฯ ง. แจ้งผลฯ ให้ผู้ร้องทราบ,
ระบบใดใช้ในการติดตามข้อมูลการจ่ายชดเชยโรคเฉพาะสำหรับยาแก้ลมแก้เส้นในปีงบประมาณ 2567? ก. ระบบบัญชียา(ฉ2) ข. Seamless for DMIS ค. ระบบฐานข้อมูลการแพทย์ ง. ระบบสารสนเทศสุขภาพ,ข
กรณีสลายนีวไม่สำเร็จต้องมีการให้บริการกี่ครั้งขึ้นไปและต้องมีหลักฐานการเปลี่ยนแปลงวิธีการรักษา? ก. 1 ครั้ง ข. 2 ครั้ง ค. 3 ครั้ง ง. 4 ครั้ง,
คุณ Niran Chomchai (P007) : เท่าที่หนูจำได้ หนูไม่เคยยาแพ้อะไร และกินโอเมพาโซสำหรับรักษาอาการกรดไหลย้อนไป ฉันสามารถกินกับยาปฏิชีวนะได้ไหม? ก. ไม่ได้เพราะยาปฏิชีวนะจะไม่ออกฤทธิ์ ข. ไม่เพราะโอเมพาโซจะย่อยสลายยาปฏิชีวนะ ค. ทานได้ แต่ควรปรึกษาแพทย์เพื่อวิเคราะห์ตัวยาอีกที ง. ไม่ควรเพราะจะมีหายใจไม่ออกได้,
การรักษาด้วยออกซิเจนความกดสูงใช้สำหรับโรคใด? ก. โรคไตยวายเรื้อรัง ข. โรคหลอดเลือดสมอง ค. การรักษาเฉพาะโรคที่เกิดจากการดำน้ำ ง. การผ่าตัดสมอง,ค
แผนกฉุกเฉินตั้งอยู่ที่ไหน? ก. Building A ชั้น 1 ข. Building A ชั้น 3 ค. Building B ชั้น 2 ง. Building C ชั้น 2,
เงื่อนไขใหม่ 2568 สำหรับการฉีดยาเข้าวัณตาต้องใช้ระบบใดในการจัดทำบัญชีรายการยา? ก. ระบบ E-Claim ข. ระบบ Drug Catalogue ค. ระบบบัญชีออนไลน์ ง. ระบบกรมบัญชีกลาง,
ฉันอายุ 32 ปี มีอาการเหนื่อยง่าย หนาวง่าย ผมร่วง น้ำหนักเพิ่ม ควรพบหมอแผนกไหน? ก. Cardiology ข. Endocrinology ค. Dermatology ง. Nutrition,ข
การทดสอบการตั้งครรภ์มีค่าใช้จ่ายเท่าใด? ก. 75 บาท ข. 100 บาท ค. 150 บาท ง. 200 บาท,ก
การรักษาด้วยออกซิเจนความกดดันสูงในปี 2567 ครอบคลุมผู้ป่วยประเภทใด? ก. ผู้ป่วยนอกเท่านั้น ข. ผู้ป่วยในเท่านั้น ค. ผู้ป่วยนอกและผู้ป่วยใน ง. ไม่มีข้อใดถูกต้อง,ค
เมื่อใดที่ผู้ป่วยสามารถใช้สิทธิหลักประกันสุขภาพแห่งชาติได้ทันทีหลังพบว่ามีสิทธิประกันสังคมแต่หมดอายุ? ก. เมื่อสมัครใหม่ผ่านนายจ้าง ข. เมื่อได้รับการยืนยันว่าข้อมูลคลาดเคลื่อน ค. เมื่อสิทธิประกันสังคมหมดอายุครบ 1 ปี ง. เมื่อได้รับการรักษาครั้งแรก,
ห้องไหนที่มีเครื่อง Ventilator ให้ใช้งานบ้าง? ก. R001 ข. R002 ค. R003 ง. R004,
วันจันทร์ Dr. Robert Martinez มาทำงานใช่ไหม? ก. ทำงาน ข. ไม่ทำงาน ค. ทำงานครึ่งวัน ง. ไม่แน่ใจ,
หากต้องการสอบถามเจ้าหน้าที่บริการข้อมูลเกี่ยวกับสิทธิหลักประกันสุขภาพแห่งชาติ ต้องกดหมายเลขใดหลังจากโทรเข้าสายด่วน 1330? ก. กด 1 ข. กด 2 ค. กด 0 ง. กด 3,
โปรแกรมใดที่ใช้ในเขต 1-12 สำหรับบริการแว่นตาเด็กที่มีสายตาผิดปกติ? ก. e-Claim ข. KTB ค. TMS ง. TSH,ก
สิทธิหลักประกันสุขภาพของคนไทยครอบคลุมถึงอะไรบ้าง? ก. การรักษาพยาบาล ข. การส่งเสริมสุขภาพ ค. การป้องกันโรค ง. ถูกทุกข้อ,
หน่วยบริการที่สามารถให้บริการผ่าตัดข้อเข่าเทียมต้องมีคุณสมบัติอย่างไร? ก. มีศักยภาพการบริการผ่าตัดรักษาข้อเข่าเสื่อม ข. มีศักยภาพในการรักษาโรคหัวใจ ค. มีศักยภาพในการรักษาโรคเบาหวาน ง. ทุกข้อ,ก
ขณะนี้แผนก Endocrinology กำลังเข้าคิวหมายเลขใด? ก. E020 ข. E021 ค. E022 ง. E023,
บริการใดที่มีค่าใช้จ่ายสูงสุดในกลุ่มหญิงตั้งครรภ์ตามรายการบริการ PP Fee schedule ปี 2568? ก. การทดสอบการตั้งครรภ์ ข. การตรวจวินิจฉัยทารกในครรภ์ ค. การตรวจ Quadruple test ง. Alpha-thalassemia 1 (PCR),ข
หากผู้ป่วยมะเร็งต้องการรักษาที่โรงพยาบาลเอกชน จะสามารถใช้สิทธิ Cancer Anywhere ได้หรือไม่? ก. ได้เสมอ ข. ได้หากโรงพยาบาลเข้าร่วมโครงการ Cancer Anywhere ค. ไม่ได้ ง. ได้ทุกกรณี,
การฟอกเลือดด้วยเครื่องไตเทียมต้องผ่านการพิจารณาจากใคร? ก. คณะกรรมการฯ ระดับเขต ข. แพทย์ผู้เชี่ยวชาญ ค. สมาคมโรคไตแห่งประเทศไทย ง. สำนักงานหลักประกันสุขภาพแห่งชาติ,
ใครเป็นผู้ประกอบในคณะกรรมการบริหารกองทุนหลักประกันสุขภาพในระดับท้องถิ่น? ก. ผู้บริหารสูงสุดขององค์กรปกครองส่วนท้องถิ่น ข. ผู้ทรงคุณวุฒิในท้องถิ่น ค. หัวหน้าหน่วยบริการปฐมภูมิที่จัดบริการสาธารณสุข ง. ถูกทุกข้อ,
ค่าบริการตรวจคัดกรองมะเร็งลำไส้ใหญ่และลำไส้ตรงด้วยวิธี FIT Test มีค่าใช้จ่ายเท่าใด? ก. 60 บาท ข. 65 บาท ค. 80 บาท ง. 100 บาท,
วิธีใดที่ใช้ในการตรวจคัดกรองมะเร็งปากมดลูก? ก. Pap smear ข. visual inspection with acetic acid (VIA) ค. HPV DNA Test ง. ถูกทุกข้อ,
คนไข้มีอาการแพ้ยารุนแรง (Anaphylaxis) หลังได้รับยาปฏิชีวนะ เดา ว่าอาจแพ้ Penicillin ต้องการหาข้อมูลคนไข้ด่วน แต่ไม่ทราบ ID ใช้ข้อมูลอะไรค้นหา? ก. ชื่อ-นามสกุล ข. หมายเลขโทรศัพท์ ค. ที่อยู่ ง. ทั้ง A และ B,
การรักษาโรคใดที่สามารถติดต่อสอบถามข้อมูลเพิ่มเติมได้ที่สายด่วน สปสช. 1330? ก. โรคหัวใจ ข. โรคท่อน้ำดีตีบตันแต่กำเนิด ค. โรคดำน้ำ (Decompression sickness) ง. ถูกทุกข้อ,
แผนกไหนที่ให้บริการ Stress Testing บ้าง? ก. Cardiology ข. Endocrinology ค. Emergency ง. Orthopedics,
ผู้ป่วยหมดสติ ไม่ทราบชื่อ พบบัตรประชาชนที่มีเบอร์ +66-2-555-1033 ต้องการหาข้อมูลด่วน ผู้ป่วยคือใคร? ก. คุณ Pranee Wichit (P019) ข. คุณ Wanchai Duangjai (P020) ค. คุณมาลี ศิริวรรณ (P013) ง. ไม่พบข้อมูล,
โปรแกรมใดที่ใช้ในเขต 1-12 สำหรับบริการการคัดกรองธาลัสซีเมียในสามีหรือคู่ของหญิงตั้งครรภ์? ก. โปรแกรม NRP ข. โปรแกรม KTB ค. โปรแกรม ABC ง. โปรแกรม XYZ,
หากผู้ป่วยมะเร็งต้องการไปรักษาที่หน่วยบริการเฉพาะทางต้องทำอย่างไร? ก. ไปที่หน่วยบริการได้ทันที ข. ติดต่อหน่วยบริการล่วงหน้าเพื่อจองคิว ค. ต้องขอใบส่งตัวจากต้นสังกัด ง. นัดหมายผ่านสายด่วนก่อน,
ฉันต้องการให้คุณจองคิวแผนก Cardio หมายเลขคิวแบบไหนที่ฉันได้รับ? ก. E024 ข. C046 ค. O016 ง. ER009,
นโยบายผู้ป่วยในไม่ต้องใช้ใบส่งตัวมีผลตั้งแต่วันที่เท่าใด? ก. 1 มกราคม 2564 ข. 1 มกราคม 2565 ค. 1 มกราคม 2566 ง. 1 มกราคม 2567,
การตรวจอัลตราซาวด์ในหญิงตั้งครรภ์ใช้สิทธิหลักประกันสุขภาพแห่งชาติได้ในกรณีใด? ก. ตรวจเพื่อดูพื้นของเด็ก ข. ตรวจเพื่อยืนยันอายุครรภ์ ค. ตรวจเพื่อดูเพศของเด็ก ง. ตรวจเพื่อดูน้ำหนักของเด็ก,
การจ่ายค่าใช้จ่ายสำหรับบริการนวดมีผลตั้งแต่วันที่เท่าใด? ก. 1 มกราคม 2567 ข. 1 เมษายน 2567 ค. 1 กรกฎาคม 2567 ง. 1 กันยายน 2567,
หน่วยบริการที่สามารถให้บริการผ่าตัดฝังประสาทหูเทียมต้องได้รับการรับรองจากหน่วยงานใด? ก. กระทรวงศึกษาธิการ ข. ราชวิทยาลัยโสต นาสิก แพทย์แห่งประเทศไทย ค. กระทรวงพาณิชย์ ง. กรมการแพทย์,
การตรวจคัดกรองภาวะพร่องฮอร์โมนไทรอยด์ (TSH) ครั้งที่ 2 ควรทำเมื่อใดในเด็กเกิดก่อนกำหนด? ก. ภายใน 1 สัปดาห์หลังคลอด ข. เมื่ออายุ 2-3 สัปดาห์ ค. เมื่ออายุครบ 1 เดือน ง. เมื่ออายุครบ 6 สัปดาห์,
ประกาศสำนักงานหลักประกันสุขภาพแห่งชาติ เรื่องการจ่ายค่าใช้จ่ายเพื่อบริการสาธารณสุข กรณีบริการฟื้นฟูสมรรถภาพด้านการแพทย์ พ.ศ. 2567 มีผลบังคับใช้ตั้งแต่วันที่ใด? ก. 1 มกราคม 2567 ข. 1 ตุลาคม 2566 ค. 16 กันยายน 2567 ง. 1 มกราคม 2566,
การเจาะเลือดวัด Total cholesterol & HDL สำหรับอายุ 45-70 ปี ควรทำบ่อยแค่ไหน? ก. ทุกปี ข. ทุก 2 ปี ค. ทุก 5 ปี ง. ทุก 10 ปี,
"คำแนะนำเตอร์ 250 IU สำหรับการรักษาภาวะเลือดออกในระยะเริ่มต้นมีราคาเท่าใด? ก. 2,460 บาท ข. 3,000 บาท ค. 4,920 บาท ง. 5,000 บาท",
ค่าตรวจคัดกรองภาวะพร่องฮอร์โมนไทรอยด์ (TSH) ในเด็กแรกเกิดมีค่าใช้จ่ายเท่าใด? ก. 135 บาท ข. 350 บาท ค. 500 บาท ง. 800 บาท,
ผู้ป่วยต้องการทำ Joint Replacement Surgery ควรนัดพบแพทย์คนไหน? ก. Dr. Sarah Johnson ข. Dr. Michael Williams ค. Dr. Emily Chen ง. Dr. Robert Martinez,
โปรแกรมใดที่ใช้ในการออกรายงานผลการตรวจคัดกรองพยาธิใบไม้ตับ? ก. KTB ข. Seamless for DMIS ค. Lab Anywhere ง. ถูกทุกข้อ,
หน่วยบริการใดที่สามารถให้บริการผ่าตัดแบบไม่ค้างคืน ODS ได้? ก. หน่วยบริการทั่วไป ข. หน่วยบริการที่มีศักยภาพตามเกณฑ์การประเมินของกระทรวงสาธารณสุข ค. หน่วยบริการเอกชนเท่านั้น ง. หน่วยบริการเฉพาะทางเท่านั้น,
"เฮลิคอปเตอร์ที่มีเครื่องยนต์ 4 มีอัตราการจ่ายค่าใช้จ่ายเท่าใดต่อชั่วโมงบิน? ก. 40,000 บาท ข. 80,000 บาท ค. 120,000 บาท ง. 160,000 บาท",
หน่วยบริการใดที่สามารถให้บริการตรวจคัดกรองภาวะพร่องฮอร์โมนไทรอยด์ (TSH) ได้? ก. หน่วยบริการเอกชนเท่านั้น ข. หน่วยบริการในระบบหลักประกันสุขภาพแห่งชาติ ค. โรงพยาบาลที่ผ่านการรับรองเท่านั้น ง. ทุกหน่วยบริการที่มีแผนกกุมารเวชศาสตร์,
การตรวจสอบหลังการจ่ายเรียกว่าอะไร? ก. Pre audit ข. Post audit ค. Final audit ง. Initial audit,
ขอบเขตบริการป้องกันการยุติการตั้งครรภ์ที่ไม่ปลอดภัยรวมถึงวิธีใดบ้าง? ก. การใช้ยามิฟพริสโตนและไมโซพรอสตอล ข. การใช้ระบบดูดสูญญากาศ ค. การผ่าตัดโดยวิธีศัลยกรรม ง. ถูกทุกข้อ,
ข้อใดคือกลุ่มเป้าหมายของบริการสาธารณสุขระบบทางไกลในปีงบประมาณ 2568? ก. ผู้ป่วยสิทธิ UC ข. ผู้รับบริการที่เป็นโรคเรื้อรังรายเก่า ค. ผู้ป่วยที่มีอาการฉุกเฉิน ง. ก และ ข,
"การตรวจคัดกรองไวรัสตับอักเสบซี (Anti-HCV Screening test) มีค่าใช้จ่ายเท่าใด? ก. 1,690 บาท ข. 400 บาท ค. 50 บาท ง. ไม่มีค่าใช้จ่าย",
สิทธิประโยชน์ในการตรวจหาเชื้อเอชไอวีครอบคลุมการตรวจไม่เกินกี่ครั้งต่อปีงบประมาณ? ก. 1 ครั้ง ข. 2 ครั้ง ค. 3 ครั้ง ง. 4 ครั้ง,
การตรวจคัดกรองมะเร็งปากมดลูก (Pap smear) มีอัตราจ่ายเท่าใดต่อครั้งต่อปี? ก. 100 บาท ข. 150 บาท ค. 200 บาท ง. 250 บาท,
การตรวจ HBsAg ในบริการป้องกันการติดเชื้อเอชไอวีด้วยยาต้านไวรัสมีอัตราจ่ายเท่าใดสำหรับวิธี ELISA? ก. 40 บาท ข. 70 บาท ค. 130 บาท ง. 240 บาท,
วัตถุประสงค์ของการขยายสิทธิประโยชน์ด้านบริการสุขภาพคืออะไร? ก. เพื่อเพิ่มรายได้ให้กับโรงพยาบาล ข. เพื่อให้สิทธิประโยชน์ในการเข้าถึงบริการสุขภาพที่มีอยู่ในประเทศ ค. เพื่อเพิ่มจำนวนแพทย์ในประเทศ ง. เพื่อเพิ่มจำนวนโรงพยาบาลในเขตชนบท,
คนไข้ที่มีนัดหมายวันที่ 2024-08-01 คือใคร? ก. Supan Wannakul (P004) ข. Prasert Sukjai (P005) ค. Anchalee Thanakit (P006) ง. Niran Chomchai (P007),
หลักประกันสุขภาพถ้วนหน้าของประเทศไทยครอบคลุมกี่มิติ? ก. 1 มิติ ข. 2 มิติ ค. 3 มิติ ง. 4 มิติ,
อัตราจ่ายสำหรับการฉีดยาเข้าวัณตาในเงื่อนไขใหม่ 2568 ถูกกำหนดโดยหน่วยงานใด? ก. กระทรวงสาธารณสุข ข. สำนักงานหลักประกันสุขภาพแห่งชาติ ค. กรมบัญชีกลาง ง. สำนักงานคณะกรรมการข้าราชการพลเรือน,
หมายเลขโทรศัพท์สายด่วนสำหรับสอบถามสิทธิหลักประกันสุขภาพแห่งชาติคือหมายเลขใด? ก. 1130 ข. 1230 ค. 1330 ง. 1430,
การตรวจใดที่ไม่รวมอยู่ในหลักเกณฑ์และเงื่อนไขการจ่ายสำหรับการรักษาโรคมะเร็ง? ก. การตรวจหาระยะของโรคมะเร็ง ข. การตรวจอัตรากรอง ค. การตรวจเพื่อติดตามผลการรักษา ง. การตรวจทางห้องปฏิบัติการเพื่อประกอบการส่งใช้ยารักษา,
"อัตราจ่ายสำหรับการตรวจวินิจฉัยแบบวินิจฉัยตลอดคืน (Full-night PSG) type 1 อยู่ที่เท่าใด? ก. 5,000 บาท/ครั้ง ข. 6,000 บาท/ครั้ง ค. 7,000 บาท/ครั้ง ง. 8,000 บาท/ครั้ง",
การตรวจการตั้งครรภ์ด้วยสิทธิหลักประกันสุขภาพแห่งชาติสามารถทำได้อย่างไร? ก. ตรวจเลือดเพื่อยืนยันการตั้งครรภ์ ข. ตรวจน้ำเสาวะเพื่อยืนยันการตั้งครรภ์ ค. ตรวจอัลตราซาวด์เพื่อยืนยันการตั้งครรภ์ ง. ถูกทุกข้อ,
ประกาศคณะกรรมการหลักประกันสุขภาพแห่งชาติ เกี่ยวกับการดำเนินงานและการบริหารจัดการกองทุน ประจำปีงบประมาณ พ.ศ. 2568 ประกาศ ณ วันที่เท่าใด? ก. 9 พฤษภาคม 2565 ข. 8 ตุลาคม 2567 ค. 1 มกราคม 2568 ง. 31 ธันวาคม 2568,
ผู้ป่วยมีอาการแพ้รุนแรง หลังได้รับยาระงับปวด ตรวจพบว่าได้รับ Codeine คาดว่าแพ้ Codeine ต้องหาข้อมูลผู้ป่วยที่แพ้ Codeine ในระบบ ใครแพ้? ก. P001 ข. P005 ค. P007 ง. P010,
การตรวจระดับน้ำตาลในเลือด (FPG) สำหรับผู้มีอายุ 35-59 ปี ต้องทำในสภาวะใด? ก. ก่อนอาหาร 4 ชั่วโมง ข. ก่อนอาหาร 6 ชั่วโมง ค. ก่อนอาหาร 8 ชั่วโมง ง. ก่อนอาหาร 10 ชั่วโมง,
ผู้ป่วยที่ไม่มีสิทธิรักษาพยาบาลใดๆ (สิทธิว่าง) สามารถใช้สิทธิรักษาพยาบาลต่อเนื่องได้อย่างไร? ก. ใช้สิทธิได้ในโรงพยาบาลเดิมเท่านั้น ข. ใช้สิทธิได้ในโรงพยาบาลเฉพาะทางเท่านั้น ค. ใช้สิทธิได้ทั้งโรงพยาบาลเดิมและโรงพยาบาลเฉพาะทาง ง. ไม่สามารถใช้สิทธิรักษาพยาบาลต่อเนื่องได้,
แผนกฉุกเฉินเต็ม คิว ER008 รอ มีผู้ป่วยหัวใจวายเข้ามาใหม่ ควรจัดลำดับความสำคัญอย่างไร? ก. รอตามคิว ข. ขยับขึ้นเป็นลำดับแรก ค. รอหลังคิว ER008 ง. ส่งโรงพยาบาลอื่น,
บริการตรวจคัดกรองมะเร็งเต้านมด้วยเครื่องแมมโมแกรมและอัลตราซาวด์สามารถทำได้บ่อยเพียงใด? ก. ทุกปี ข. ทุก 2 ปี ค. ทุก 5 ปี ง. ทุก 10 ปี,
"ผู้ป่วยใหญ่ 3 ราย เข้าฉุกเฉินพร้อมกัน: หัวใจวาย (อายุ 70), อุบัติเหตุ (อายุ 25), ปวดท้อง (อายุ 40) ใครควรได้รับการรักษาก่อน? ก. อายุ 25 (อุบัติเหตุ) ข. อายุ 40 (ปวดท้อง) ค. อายุ 70 (หัวใจวาย) ง. ตามลำดับมาถึง",
สปสช. ย่อมาจากอะไร? ก. สำนักงานหลักประกันสุขภาพแห่งชาติ ข. สำนักงานหลักประกันสุขภาพสำหรับคนชรา ค. สำนักป้องกันสุขภาพแห่งชาติ ง. ถูกทุกข้อ,
"การจ่ายชดเชยครั้งที่ 1 สำหรับบริการฝึกทักษะการดำรงชีวิตอิสระสำหรับคนพิการมีอัตราจ่ายเท่าใด? ก. 4,000 บาท ข. 5,000 บาท ค. 6,000 บาท ง. 7,000 บาท",
"ผมกำลังหาทางไปแผนก Cardiology มันตั้งอยู่ที่ไหน? ก. Building A, Floor 3 ข. Building B, Floor 2 ค. Building C, Floor 2 ง. Building A, Floor 1",
"บริการผ่าตัดแบบไม่ค้างคืน ODS ในปี 2567 สำหรับกรณีในเขตพื้นที่ มีอัตราจ่ายเท่าใดต่อ RW? ก. 8,000 บาท/RW ข. 8,350 บาท/RW ค. 9,600 บาท/RW ง. 10,000 บาท/RW",
การตรวจคัดกรองไวรัสตับอักเสบซีในผู้ต้องขังสามารถทำได้กี่ครั้งต่อคนต่อปี? ก. 1 ครั้ง ข. 2 ครั้ง ค. 3 ครั้ง ง. 4 ครั้ง,
ด๊อกเตอร์ Michael เข้าทำงานเวลาใด? ก. 8:00 ข. 9:00 ค. 7:00 ง. 10:00,
ในปีงบประมาณ 2568 ยาน้ำมันสารสกัดกัญชาที่มี delta-9-tetrahydrocannabinol (THC) ไม่เกิน 0.5 mg/drop ใช้ได้ในกรณีใด? ก. ผู้ป่วยมะเร็งระยะท้ายที่ได้รับการดูแลแบบประคับประคอง ข. ผู้ป่วยมะเร็ง ค. ผู้ป่วยที่มีภาวะซึมเศร้า ง. ผู้ป่วยทุกประเภท,
กลุ่มเป้าหมายสำหรับการคัดกรองธาลัสซีเมียในสามีหรือคู่ของหญิงตั้งครรภ์คือใคร? ก. สามีหรือคู่ของหญิงตั้งครรภ์ที่เป็นคนไทยทุกสิทธิการรักษาพยาบาล ข. หญิงตั้งครรภ์ที่มีอายุมากกว่า 35 ปี ค. เด็กที่มีอายุต่ำกว่า 5 ปี ง. ไม่มีข้อใดถูกต้อง,
หน่วยบริการใดที่สามารถให้บริการผ่าตัดใส่ตุ๊งอักเสบเฉียบพลันต้องผ่านการประเมินการให้บริการผ่าตัดแบบวันเดียวกลับ? ก. หน่วยบริการเอกชน ข. หน่วยบริการภาครัฐ ค. หน่วยบริการท้องถิ่น ง. หน่วยบริการเฉพาะทาง,
"ในกรณี Emergency ผู้ป่วย OPD จะได้รับการจ่ายชดเชยไม่เกินเท่าใดต่อ visit? ก. 100,000 บาท ข. 150,000 บาท ค. 200,000 บาท ง. 300,000 บาท",
สายด่วนใดที่ให้บริการประสานข้อมูลกรณีขอรับบริการรถกู้ชีพ? ก. 1506 ข. 1669 ค. 1323 ง. 1422,
สิทธิบัตรทองครอบคลุมค่ารักษาพยาบาลอะไรบ้างในโรงพยาบาล? ก. ค่ายาและเวชภัณฑ์ ข. ค่าอาหารและค่าห้องสามัญ ค. ค่ารถพยาบาล ง. ถูกทุกข้อ,
รหัสใดในประกาศ FS ที่ใช้สำหรับการฉายรังสีระหว่างการผ่าตัด (IORT)? ก. 49206 ข. 49306 ค. 49501 ง. 49603,
การให้คำปรึกษาจ่ายถุงยางอนามัยและให้คำปรึกษามีค่าใช้จ่ายเท่าใด? ก. 10 บาท ข. 50 บาท ค. 150 บาท ง. 350 บาท,
หน่วยบริการใดที่สามารถให้บริการ Home Chemo สำหรับมะเร็งลำไส้ใหญ่ที่บ้านได้? ก. หน่วยบริการที่ผ่านการประเมินศักยภาพจากกรมการแพทย์ ข. หน่วยบริการที่มีแพทย์เฉพาะทาง ค. หน่วยบริการที่มีเตียงสำรอง ง. หน่วยบริการที่มีห้องปลอดเชื้อ,
ยาทำลายพระสุเมรุใช้เพื่อฟื้นฟูอาการใด? ก. อาการปวดศีรษะ ข. อาการกล้ามเนื้ออ่อนแรงจากโรคสมอัมพฤกษ์อัมพาต ค. อาการปวดท้อง ง. อาการนอนไม่หลับ,
ช่องทางการติดต่อสำหรับโปรแกรมยา OCPA และ OCPAOLDCASE คืออะไร? ก. ocpa@mra.or.th ข. biologic@mra.or.th ค. โทรศัพท์ 080-0801651 ง. ไม่มีข้อใดถูกต้อง,
คุณกมล (P010) ถ้าเป็นหวัด ฉันควรหลีกเลี่ยงยาตัวไหนเป็นพิเศษไหม? ก. Paracetamol ข. Trimethoprim-sulfamethoxazole ค. Ibuprofen ง. Cetirizine,
หน่วยบริการใดที่สามารถให้บริการค่าพาหนะรับส่งต่อระหว่างหน่วยบริการได้? ก. หน่วยบริการในระบบประกันสังคม ข. หน่วยบริการในระบบหลักประกันสุขภาพแห่งชาติ ค. หน่วยบริการเอกชนที่ได้รับอนุญาต ง. หน่วยบริการท้องถิ่นเท่านั้น,
ผู้ป่วยเป็นหญิงตั้งครรภ์ 8 สัปดาห์ มีอาการปวดท้องรุนแรง เลือดออก ต้องการแพทย์เฉพาะทาง แผนกต่อมไร้ท่อมี Dr. Williams อยู่หรือไม่? ก. อยู่ ข. ไม่อยู่ ค. อยู่ครึ่งวัน ง. ไม่แน่ใจ,
หน่วยบริการในระบบหลักประกันสุขภาพแห่งชาติที่ให้บริการต้องมีเตียงนอนตั้งแต่กี่เตียงขึ้นไป? ก. 5 เตียง ข. 10 เตียง ค. 15 เตียง ง. 20 เตียง,
การฟื้นฟูสมรรถภาพใดที่อยู่ภายใต้สิทธิบัตรทอง? ก. การฟื้นฟูสมรรถภาพร่างกายและจิตใจ ข. การฟื้นฟูสมรรถภาพทางการศึกษา ค. การฟื้นฟูสมรรถภาพทางเศรษฐกิจ ง. การฟื้นฟูสมรรถภาพทางการเงิน,
หน่วยบริการที่รับส่งต่อสามารถจัดบริการสาธารณสุขระดับใดได้? ก. ระดับปฐมภูมิเท่านั้น ข. ระดับทุติยภูมิ ตติยภูมิ หรือเฉพาะทาง ค. ระดับเฉพาะทางเท่านั้น ง. ระดับปฐมภูมิและทุติยภูมิเท่านั้น,
คนไข้ P009 มี HbA1c = 8.1% และ Fasting Glucose = 165 mg/dl กิน Metformin 850mg วันละ 2 ครั้ง แต่ยังควบคุมไม่ได้ ควรเพิ่มยาอะไร? ก. ลด Insulin ข. เพิ่ม Glipizide ค. เพิ่ม Pioglitazone ง. ปรึกษาแพทย์เฉพาะทาง,
วัคซีนบีซีจี (BCG) ควรได้รับเมื่ออายุเท่าไร? ก. แรกเกิด ข. 1 เดือน ค. 2 เดือน ง. 4 เดือน,
กลุ่มเป้าหมายใดที่สามารถรับบริการฝากครรภ์ได้ในปีงบประมาณ 2567? ก. หญิงไทยตั้งครรภ์ทุกสิทธิการรักษาพยาบาล ข. หญิงต่างชาติที่พำนักในไทย ค. หญิงผู้มีรายได้น้อย ง. หญิงวัยรุ่นที่ยังไม่บรรลุนิติภาวะ,
อัตราจ่ายค่าใช้จ่ายเพื่อบริการสาธารณสุขในกรณี OPAE ปี 2568 เป็นอย่างไร? ก. จ่ายตามรายการและอัตรา Fee Schedule ข. อาจพิจารณาปรับการจ่ายด้วยระบบคะแนน ค. ไม่มีการจ่าย ง. ถูกทั้งข้อ ก และ ข,
หมอคนไหนเป็นหัวหน้าแผนก Emergency? ก. Dr. Sarah Johnson ข. Dr. Michael Williams ค. Dr. Emily Chen ง. Dr. Robert Martinez,
หมอมิเชล เชี่ยวชาญเฉพาะทางด้านใดบ้าง? ก. Interventional Cardiology ข. Diabetes Management ค. Trauma Care ง. Joint Replacement,
เว็บไซต์ใดที่สามารถสืบค้นข้อมูลสิทธิประกันสังคมได้? ก. www.cgd.go.th ข. www.sso.go.th ค. www.niems.go.th ง. www.health.go.th,
กลุ่มเป้าหมายสำหรับบริการตรวจยีน BRCA1/BRCA2 คือใคร? ก. ผู้ที่มีอายุต่ำกว่า 18 ปี ข. ผู้ป่วยมะเร็งเต้านมที่มีความเสี่ยงสูง ค. ญาติสายตรงที่ไม่มีประวัติครอบครัวตรวจพบยีนกลายพันธุ์ ง. บุคคลทั่วไปที่ต้องการตรวจยีน,
"อัตราจ่ายสำหรับหน่วยบริการที่รับส่งต่อในย่านนวัตกรรมการแพทย์โยธีคือเท่าใดต่อ AdjRW? ก. 8,000 บาท ข. 9,600 บาท ค. 10,000 บาท ง. 12,000 บาท",
การเบิกค่าตรวจวัดระดับน้ำตาลต่อเนื่อง (CGM) สามารถเบิกได้ครั้งละไม่เกินกี่เดือนในปี 2568? ก. 1 เดือน ข. 2 เดือน ค. 3 เดือน ง. 4 เดือน,
คนไข้ P014 มีอาการผื่นคัน หลังกินยาใหม่ที่แพทย์เพิ่งจ่าย สงสัยเป็นภูมิแพ้ยา ควรทำอย่างไร? ก. หยุดยาทันที ข. ลดขนาดยา ค. เปลี่ยนยา ง. ปรึกษาแพทย์ก่อน,
หน่วยบริการประจำมีหน้าที่อะไรเพื่อการฟื้นฟูสมรรถภาพ? ก. จัดบริการสาธารณสุขระดับปฐมภูมิ ข. เป็นหน่วยต้นสังกัดของหน่วยบริการปฐมภูมิ ค. มีเครือข่ายหน่วยบริการเพื่อการส่งต่อ ง. ไม่มีข้อใดถูกต้อง,
หลักประกันสุขภาพถ้วนหน้ามีความสำคัญอย่างไรต่อประชาชน? ก. ทำให้ประชาชนเข้าถึงบริการสุขภาพที่จำเป็นโดยไม่มีอุปสรรคทางการเงิน ข. เพิ่มภาระค่าใช้จ่ายด้านสุขภาพ ค. จำกัดการเข้าถึงบริการสุขภาพ ง. ไม่มีข้อใดถูกต้อง,
ยาน้ำมันสารสกัดกัญชาที่มี delta-9-tetrahydrocannabinol (THC) ความแรงไม่เกินกี่ mg/drop จัดอยู่ในสิทธิประโยชน์ใหม่? ก. 0.5 mg/drop ข. 1 mg/drop ค. 2 mg/drop ง. 3 mg/drop,
"เรือหางยาวเร็วสำหรับระยะทางไป-กลับ 16-50 กิโลเมตรมีค่าใช้จ่ายตามจริงไม่เกินเท่าใด? ก. 3,000 บาท ข. 4,000 บาท ค. 5,000 บาท ง. 10,000 บาท",
คนไข้มาด้วยอาการปวดท้องรุนแรง คลื่นไส้ อาเจียน สงสัยไส้ติ่งอักเสบ ต้องการผ่าตัดด่วน แต่แพ้ยาชา Lidocaine ควรใช้ยาชาอะไรแทน? ก. Bupivacaine ข. Procaine ค. Articaine ง. ปรึกษาแพทย์ชำนาญการ,
หน่วยบริการใดที่สามารถให้บริการผ่าตัดเปลี่ยนกระจกตาในปี 2567? ก. หน่วยบริการในเครือข่ายโรงพยาบาลเอกชน ข. หน่วยบริการที่เข้าร่วมในเครือข่ายบริการดวงตาร่วมกับศูนย์ดวงตาสภากาชาดไทย ค. หน่วยบริการในเครือข่ายโรงพยาบาลต่างประเทศ ง. หน่วยบริการทั่วไป,
ผู้ป่วยชาย หมดสติ พบป้าย ID บริเวณเสื้อเขียน 'Chaiwat Somjai' ต้องการข้อมูลการแพ้ยาด่วน ผู้ป่วยแพ้อะไรบ้าง? ก. Nuts ข. Penicillin ค. Sulfa drugs ง. ไม่มีข้อมูลการแพ้,
สิทธิประโยชน์ด้านทันตกรรมครอบคลุมถึงการรักษาใดบ้าง? ก. ถอนฟัน ข. อุดฟัน ค. ขูดหินปูน ง. ถูกทุกข้อ,
การตรวจ Anti-HIV ในบริการป้องกันการติดเชื้อเอชไอวีด้วยยาต้านไวรัสมีอัตราจ่ายเท่าใดต่อครั้ง? ก. 20 บาท ข. 80 บาท ค. 140 บาท ง. 240 บาท,
สิทธิใดที่สามารถรับบริการผ่าตัดผ่านกล้อง MIS ได้? ก. สิทธิหลักประกันสุขภาพแห่งชาติ ข. สิทธิผู้ประกันตนคนพิการ (D1) ค. สิทธิประกันสุขภาพส่วนบุคคล ง. ก และ ข,
หน่วยบริการที่ให้บริการดูแลผู้ป่วยระยะกลางแบบผู้ป่วยในต้องใช้ระบบใดในการบันทึกข้อมูล? ก. ระบบ e-Claim ข. ระบบ DRGs ค. ระบบ Barthel ADL ง. ระบบจัดการผู้ป่วย,
อายุเท่าใดที่ถือว่าเป็นหนึ่งในหลักเกณฑ์การจ่ายค่าใช้จ่ายสำหรับการตรวจพบวัณโรคระยะแฝง? ก. ≤ 15 ปี ข. ≤ 18 ปี ค. ≥ 60 ปี ง. ≥ 65 ปี,
การคัดกรองธาลัสซีเมียในสามีหรือคู่ของหญิงตั้งครรภ์มีค่าใช้จ่ายเท่าใด? ก. 100 บาท ข. 120 บาท ค. 150 บาท ง. 200 บาท,
สำหรับสิทธิ อปท. การส่งข้อมูลล่าช้ากว่ากำหนดไม่เกิน 30 วัน จะจ่ายค่ารักษาพยาบาลเป็นร้อยละเท่าใด? ก. 95 ข. 90 ค. 85 ง. 80,
บริการผ่าตัดผ่านกล้อง MIS กรณีภาวะอ้วนที่เป็นโรคต้องได้รับการอนุมัติก่อนให้บริการตามข้อใด? ก. ตามหลักเกณฑ์การประเมินของหน่วยงาน ข. ตามข้อบ่งชี้ในการรักษา ค. ตามความสะดวกของผู้ป่วย ง. ตามคำแนะนำของแพทย์ส่วนตัว,
คนไข้หมายเลข P012 มีการนัดหมายกับหมอคนไหน? ก. Dr. Sarah Johnson ข. Dr. Michael Williams ค. Dr. Emily Chen ง. Dr. Robert Martinez,
โรคมะเร็งชนิดใดที่ยังไม่ได้กำหนดโปรโตคอลการรักษา? ก. มะเร็งเต้านม ข. มะเร็งปากมดลูก ค. มะเร็งทั่วไป ง. มะเร็งรังไข่,
บริการการแพทย์แผนไทยใดที่ไม่รวมอยู่ในประกาศนี้? ก. บริการนวด ข. บริการประคบ ค. บริการอบรมสมุนไพร ง. บริการฝังเข็ม,
บริการใดในประกาศนี้ที่เริ่มต้นให้บริการตั้งแต่วันที่ 1 เมษายน พ.ศ. 2567? ก. บริการการแพทย์แผนไทย ข. บริการนวดและประคบเพื่อฟื้นฟูสมรรถภาพเด็กพิการ ค. บริการการแพทย์ทางเลือก ง. บริการฟื้นฟูสมรรถภาพมารดาหลังคลอด,
ค่าบริการเจาะ Hct ในเขต 13 มีอัตราเท่าใด? ก. 30 บาทต่อช่วงอายุ ข. 35 บาทต่อช่วงอายุ ค. 50 บาทต่อช่วงอายุ ง. 65 บาทต่อช่วงอายุ,
"ค่าบริการใดที่มีค่าใช้จ่าย 1,200 บาทในกลุ่มหญิงตั้งครรภ์? ก. การตรวจวินิจฉัยทารกในครรภ์ ข. การตรวจ Quadruple test ค. การเจาะเลือดปั้นซีรั่ม ง. การตรวจทางห้องปฏิบัติการเพื่อวินิจฉัยยืนยัน",
หน่วยบริการใดที่สามารถให้บริการโรคโลหิตจางธาลัสซีเมียในหญิงตั้งครรภ์ได้? ก. หน่วยบริการทั่วไป ข. หน่วยบริการในระบบหลักประกันสุขภาพแห่งชาติ ค. หน่วยบริการเฉพาะทาง ง. หน่วยบริการที่มีแพทย์เฉพาะทาง,
ผู้ป่วยคิวหมายเลข P013 เป็นเพศใด? ก. ชาย ข. หญิง ค. ไม่ระบุ ง. ข้อมูลไม่ชัดเจน,
การดูแลรักษาผู้ป่วยวัณโรครวมทั้งการรักษาการติดเชื้อวัณโรคระยะแฝงมีรายละเอียดอยู่ในเอกสารหมายเลขใด? ก. เอกสารหมายเลข 1 ข. เอกสารหมายเลข 2 ค. เอกสารหมายเลข 3 ง. เอกสารหมายเลข 4,
ค่าบริการยาเม็ดเสริมธาตุเหล็กและกรดโฟลิกในเขต 1-12 จ่ายในอัตราเท่าใด? ก. 50 บาทต่อคนต่อปี ข. 80 บาทต่อคนต่อปี ค. 100 บาทต่อคนต่อปี ง. 120 บาทต่อคนต่อปี,
ค่าติดตามการรักษากลุ่ม B ในปี 2568 งวดที่ 1 คิดเป็นร้อยละเท่าใดของค่ารักษาทั้งหมด? ก. 25% ข. 50% ค. 75% ง. 100%,
ผู้ป่วยมีอาการช็อคหลังได้รับ contrast agent สำหรับ CT Scan ควรเช็คประวัติการแพ้อะไร? ก. Penicillin ข. Iodine/Contrast dye ค. Latex ง. Sulfa drugs,
การรักษาผู้ป่วยโรคหลอดเลือดสมองตีบหรืออุดตันในปี 2567 ต้องได้รับการตรวจใดก่อนและหลังการฉีดยาละลายลิ่มเลือด? ก. MRI Brain ข. CT Brain ค. X-ray Brain ง. ไม่มีการตรวจใด ๆ,
ห้อง R001 เป็นห้องแผนกใด? ก. consultation ข. emergency ค. inpatient ง. operating,
เว็บไซต์ใดที่สามารถสืบค้นข้อมูลกองทุนหลักประกันสุขภาพในระดับท้องถิ่นหรือพื้นที่ได้? ก. www.nhso.go.th ข. law.nhso.go.th ค. eis.nhso.go.th ง. obt.nhso.go.th,
การรับบริการตรวจติดตามผลการรักษาโรคมะเร็งหลังการรักษาหายต้องใช้ใบส่งตัวหรือไม่? ก. ต้องใช้ใบส่งตัวทุกครั้ง ข. ไม่ต้องใช้ใบส่งตัว ค. ใช้เฉพาะกรณีฉุกเฉิน ง. ใช้เฉพาะกรณีที่แพทย์ระบุ,
การจ่ายค่าใช้จ่ายสำหรับบริการผู้ติดเชื้อเอชไอวีและผู้ป่วยเอดส์มีแนวทางอย่างไร? ก. จ่ายตามเงินเดือน ข. จ่ายตามผลงานการให้บริการ ค. จ่ายตามชั่วโมงการทำงาน ง. จ่ายตามจำนวนผู้ป่วย,
การให้บริการฝังเข็มหรือบริการฝังเข็มร่วมกับกระตุ้นไฟฟ้าในผู้ป่วยโรคหลอดเลือดสมองมีอัตราจ่ายครั้งละเท่าใด? ก. 100 บาท ข. 150 บาท ค. 200 บาท ง. 250 บาท,
บริการกรณีสำรองเตียงในระบบหลักประกันสุขภาพแห่งชาติใช้ระบบใดในการส่งข้อมูลเพื่อขอรับค่าใช้จ่าย? ก. e-Claim ข. e-Health ค. e-Payment ง. e-Transfer,
"ค่าบริการตรวจยืนยันโรคไวรัสตับอักเสบซีด้วยวิธี HCV RNA (qualitative method) มีค่าใช้จ่ายเท่าใด? ก. 50 บาท ข. 100 บาท ค. 1,690 บาท ง. 400 บาท",
การตรวจคัดกรองธาลัสซีเมียในสามีหรือคู่ของหญิงตั้งครรภ์ประกอบด้วยการตรวจใด? ก. CBC + MCV ข. DCIP/HbE screening ค. ทั้ง ก. และ ข. ง. ไม่มีข้อใดถูกต้อง,
ยา PreP ใช้สำหรับวัตถุประสงค์ใด? ก. ป้องกันการติดเชื้อเอชไอวีก่อนการสัมผัสเชื้อ ข. ป้องกันการติดเชื้อเอชไอวีหลังการสัมผัสเชื้อ ค. รักษาผู้ที่ติดเชื้อเอชไอวี ง. บรรเทาอาการของผู้ที่ติดเชื้อเอชไอวี,
การผ่าตัดฝังประสาทหูเทียมให้บริการแก่ผู้รับบริการที่มีอายุน้อยกว่าเท่าใด? ก. 3 ปี ข. 4 ปี ค. 5 ปี ง. 6 ปี,
ค่าบริการเลนส์สายตาผิดปกติทั่วไป (Stock lens) มีค่าใช้จ่ายเท่าใด? ก. 800 บาท ข. 1000 บาท ค. 500 บาท ง. 350 บาท,
ผู้มีสิทธิหลักประกันสุขภาพสามารถเข้ารับบริการที่หน่วยบริการใดได้บ้างในกรณีอุบัติเหตุฉุกเฉิน? ก. หน่วยบริการประจำที่ลงทะเบียนไว้เท่านั้น ข. หน่วยบริการใดก็ได้ ค. หน่วยบริการที่ใกล้เคียงที่สุดเท่านั้น ง. ไม่มีข้อใดถูกต้อง,
บริการใดที่ครอบคลุมการดูแลผู้ป่วยโรคหายาก? ก. การบริหารกองทุนวัณโรคร ข. การดูแลผู้ป่วยโรคโลหิตจางธาลัสซีเมีย ค. ทันตกรรมจัดฟันการผ่าตัด ง. กรุณาบริการผู้ป่วยโรคหายาก,
หน่วยบริการในระบบหลักประกันสุขภาพแห่งชาติไม่รวมถึงสถานบริการใด? ก. โรงพยาบาลเอกชน ข. โรงพยาบาลชุมชน ค. โรงพยาบาลสัตว์ ง. คลินิกชุมชนอบอุ่น,
บริการคัดกรองพยาธิใบไม้ในตับด้วยปัสสาวะ (OV-RDT) ถูกเพิ่มในปีงบประมาณใด? ก. ปี 2566 ข. ปี 2567 ค. ปี 2568 ง. ไม่ได้ระบุปีงบประมาณ,
"อัตราจ่ายสำหรับเด็กแรกเกิดที่น้ำหนักน้อยกว่า 1,500 กรัมหรือป่วย ที่ได้รับหัตถการเพื่อการรักษาที่จำเป็นและราคาแพงคือเท่าใด? ก. 8,350 บาท/Adj.RW ข. 9,000 บาท/Adj.RW ค. 12,000 บาท/Adj.RW ง. 15,000 บาท/Adj.RW",
กลุ่มเป้าหมายใดที่สามารถรับบริการตรวจคัดกรองพยาธิใบไม้ตับด้วยการตรวจปัสสาวะ OV-RDT? ก. ผู้ที่เคยกินยาถ่ายพยาธิใบไม้ตับ ข. ผู้ที่เคยมีประวัติติดเชื้อพยาธิใบไม้ตับ ค. ผู้ที่มีประวัติการกินปลาบ้านจีดสุกๆ ดิบๆ ง. ถูกทุกข้อ,
ข้อใดเป็นการตรวจคัดกรองเพื่อค้นหาภาวะเสี่ยงต่อการเสียสุขภาพ? ก. การตรวจเลือดคัดกรองเบาหวาน ข. การฉีดวัคซีนในเด็ก ค. การให้คำปรึกษาการวางแผนครอบครัว ง. การให้ยาต้านไวรัสเอชไอวี,
กองทุนระบบการดูแลระยะยาวด้านสาธารณสุขสำหรับผู้สูงอายุที่มีภาวะพึ่งพิง (LTC) ดำเนินการในระดับใด? ก. ระดับจังหวัด ข. ระดับอำเภอ ค. ระดับตำบล ง. ระดับครอบครัว,
กลุ่มเป้าหมายสำหรับบริการป้องกันและควบคุมโรคโลหิตจางธาลัสซีเมียในหญิงตั้งครรภ์ประกอบด้วยใครบ้าง? ก. หญิงตั้งครรภ์เท่านั้น ข. สามีหรือคู่ของหญิงตั้งครรภ์เท่านั้น ค. หญิงตั้งครรภ์และสามีหรือคู่ของหญิงตั้งครรภ์ ง. หญิงตั้งครรภ์ที่มีสิทธิประกันสุขภาพถ้วนหน้าเท่านั้น,
หน่วยบริการที่สามารถเข้าร่วมเป็นสถานบริการสำรองเตียงต้องผ่านการตรวจมาตรฐานและทำสัญญากับหน่วยงานใด? ก. สำนักงานหลักประกันสุขภาพแห่งชาติ ข. โรงพยาบาลประจำเขต ค. สำนักงานเขตแต่ละเขต ง. หน่วยงานสาธารณสุขอื่น ๆ,
โปรแกรมใดที่ใช้ในการบันทึกผลงานและประมวลผลการจ่ายค่าบริการตรวจยีน BRCA1/BRCA2 ในเขต 1-13? ก. โปรแกรม Microsoft Excel ข. โปรแกรม e-Claim ค. โปรแกรม SAP ง. โปรแกรม HIS,
ในการลงทะเบียนผู้ป่วย จะต้องใช้โปรแกรมใด? ก. โปรแกรม DMIS ข. โปรแกรม Excel ค. โปรแกรม Word ง. โปรแกรม PowerPoint,
การเบิกค่าใช้จ่ายสำหรับบริการผ่าตัดใส่รากฟันเทียมใช้โปรแกรมใด? ก. e-Claim ข. ระบบ VMI ค. ระบบ HOSxP ง. ระบบ SAP,
ยาน้ำมันสารสกัดกัญชาที่มี delta-9-tetrahydrocannabinol (THC) ไม่เกิน 3 mg/drop ใช้ได้ในกรณีใด? ก. ผู้ป่วยโรคหัวใจ ข. ผู้ป่วยมะเร็ง ค. ผู้ป่วยเบาหวาน ง. ผู้ป่วยความดันโลหิตสูง,ข
ห้องไหนที่มีเครื่อง Defibrillator อยู่บ้าง? ก. R001 ข. R002 ค. R003 ง. R004,
สำนักงานหลักประกันสุขภาพแห่งชาติ เขต 8 อุดรธานี ตั้งอยู่บนถนนใด? ก. ถนนราชสีมา - โชคชัย ข. ถนนศรีณรงค์ ค. ถนนวัฒนานุวงศ์ ง. ถนนเพชรเกษม,
เว็บไซต์ของสำนักงานหลักประกันสุขภาพแห่งชาติ เขต 5 ราชบุรี คืออะไร? ก. http://ratchaburi.nhso.go.th/ ข. http://rayong.nhso.go.th/ ค. http://khonkaen.nhso.go.th/ ง. http://saraburi.nhso.go.th/,
การกระทำใดที่ไม่อยู่ในประเภทและขอบเขตของบริการสาธารณสุขที่กองทุนหลักประกันสุขภาพแห่งชาติครอบคลุม? ก. การกระทำใดๆ เพื่อความสวยงามโดยไม่มีข้อบกพร่องซึ่งทางการแพทย์กำหนด ข. การบริการทางการแพทย์อื่นตามที่คณะกรรมการหลักประกันสุขภาพแห่งชาติกำหนด ค. การรักษาที่มีความจำเป็นทางการแพทย์ ง. ก และ ข,
ยาประคบในปีงบประมาณ 2568 มีอัตราจ่ายไม่เกินกี่บาทต่อคอร์ส/ครั้ง? ก. 188.28 บาท ข. 258.72 บาท ค. 195.30 บาท ง. 84.00 บาท,
การจ่ายค่าพาหนะส่งต่อในเงื่อนไขใหม่ 2568 มีอัตราคำนวณอย่างไร? ก. Ontop = 500 + อัตราตามระยะทาง (กิโลเมตร) x 2 x 4 ข. Ontop = 300 + อัตราตามระยะทาง (กิโลเมตร) x 3 x 5 ค. Ontop = 600 + อัตราตามระยะทาง (กิโลเมตร) x 2 x 3 ง. Ontop = 400 + อัตราตามระยะทาง (กิโลเมตร) x 1 x 4,
ประกาศสำนักงานหลักประกันสุขภาพแห่งชาติ เรื่อง การจ่ายค่าใช้จ่ายเพื่อบริการสาธารณสุข กรณีบริการควบคุม ป้องกัน และรักษาผู้ป่วยโรคเบาหวานและความดันโลหิตสูง พ.ศ. ๒๕๖๖ ถูกออกเมื่อใด? ก. พ.ศ. ๒๕๖๔ ข. พ.ศ. ๒๕๖๕ ค. พ.ศ. ๒๕๖๖ ง. พ.ศ. ๒๕๖๗,
บริการใดที่อยู่ในประกาศการจ่ายค่าใช้จ่ายเพื่อบริการสาธารณสุข กรณีบริการเฉพาะโรค? ก. การดูแลรักษาผู้ป่วยโรคลำลังซึมีย์ ข. การบริหารกองทุนวัณโรค ค. การบริการผู้ป่วยโรคหายาก ง. ถูกทุกข้อ,
โรงพยาบาลใดที่สังกัดมหาวิทยาลัยสงขลานครินทร์และให้บริการใช้หุ่นยนต์ช่วยผ่าตัด? ก. โรงพยาบาลสงขลานครินทร์ ข. โรงพยาบาลมหาราชนครเชียงใหม่ ค. โรงพยาบาลราชวิถี ง. โรงพยาบาลรามาธิบดี,
คนไข้ P005 มี Triglycerides = 210 mg/dl กิน Simvastatin อยู่แล้ว แต่ยังสูง ควรปรับการรักษาอย่างไร? ก. เพิ่มขนาด Simvastatin ข. เพิ่ม Fenofibrate ค. เปลี่ยนเป็น Atorvastatin ง. ปรึกษาแพทย์โรคหัวใจ,
"อัตราจ่ายตามระบบ DRGs สำหรับบริการกรณีสำรองเตียงสูงสุดไม่เกินเท่าใดต่อ Adj.RW? ก. 10,000 บาท ข. 12,000 บาท ค. 15,000 บาท ง. 18,000 บาท",
วัตถุประสงค์ของการจัดทำคู่มือสิทธิหลักประกันสุขภาพแห่งชาติในรูปแบบ E-Book คืออะไร? ก. เพื่อให้ประชาชนได้รับข้อมูลที่ทันสมัย ข. เพื่อให้หน่วยบริการได้รับข้อมูลที่ถูกต้อง ค. เพื่อสร้างความเข้าใจที่ตรงกันระหว่างประชาชนและหน่วยบริการ ง. ถูกทุกข้อ,
บุคคลที่ใช้สิทธิหลักประกันสุขภาพแห่งชาติสามารถเปลี่ยนหน่วยบริการประจำได้กี่ครั้งต่อปี? ก. 2 ครั้ง ข. 3 ครั้ง ค. 4 ครั้ง ง. 5 ครั้ง,
ฉันต้องการใช้บริการ Hormone Therapy ฉันต้องไปที่แผนกไหน? ก. Cardiology ข. Endocrinology ค. Emergency ง. Orthopedics,
การสร้างเสริมภูมิคุ้มกันรวมถึงการทำหัตถการใด? ก. การตรวจวัดสายตาเด็ก ข. การเคลือบฟลูออไรด์ ค. การตรวจเลือดคัดกรองภาวะชิด ง. การให้คำปรึกษาการเลิกบุหรี่,
การตรวจค้นหาและคัดกรองวัณโรคแบบเข้มข้นในกลุ่มเสี่ยงสูงมีชื่อย่อว่าอะไร? ก. PP FS ข. TST ค. NTIP ง. DMIS,
ปริมาณการใช้ยาคุ้มสยามสูงสุดต่อคนต่อเดือนสำหรับขนาด 500 มก./แคปซูลคือเท่าใด? ก. 60 แคปซูล ข. 90 แคปซูล ค. 120 แคปซูล ง. 150 แคปซูล,
อัตราค่าตรวจคัดกรอง TSH รวมค่าขนส่ง จ่ายในอัตราเท่าใดต่อครั้งต่อคน? ก. 100 บาท ข. 135 บาท ค. 250 บาท ง. 350 บาท,
ประชากรกลุ่มเสี่ยงกลุ่มใดที่ต้องเข้ารับการตรวจคัดกรองไวรัสตับอักเสบซีทุกปี? ก. ผู้ติดเชื้อเอชไอวีเอดส์ ข. ผู้ใช้ยาเสพติดด้วยวิธีฉีด ค. กลุ่มชายมีเพศสัมพันธ์กับชาย ง. ถูกทุกข้อ,
หน่วยบริการร่วมให้บริการต้องมีข้อตกลงอะไร? ก. ข้อตกลงทางวาจากับหน่วยบริการประจำ ข. ข้อตกลงเป็นหนังสือกับหน่วยบริการประจำหรือสำนักงาน ค. ข้อตกลงทางอีเมลกับ สปสช. ง. ข้อตกลงกับผู้มีสิทธิหลักประกันสุขภาพแห่งชาติ,
หน่วยบริการใดสามารถให้บริการตรวจคัดกรองโรคพันธุกรรมเมตาบอลิกด้วยเครื่อง TMS? ก. โรงพยาบาลเอกชนเท่านั้น ข. หน่วยบริการในระบบหลักประกันสุขภาพแห่งชาติ ค. คลินิกเอกชนเท่านั้น ง. ศูนย์ดูแลสุขภาพชุมชน,
สถานพยาบาลที่สามารถให้บริการทำหมันได้ต้องเป็นสถานพยาบาลประเภทใด? ก. สถานพยาบาลเฉพาะทาง ข. สถานพยาบาลตามบัตรรับรองสิทธิฯ หรือ เครือข่าย ค. สถานพยาบาลเอกชนเท่านั้น ง. สถานพยาบาลในต่างประเทศ,
บุคคลในกลุ่ม 21 กลุ่มที่ประกาศโดยกระทรวงสาธารณสุขต้องจ่ายค่าบริการ 30 บาทหรือไม่? ก. ต้องจ่าย ข. ไม่ต้องจ่าย ค. จ่ายบางกรณี ง. จ่ายเฉพาะครั้งแรก,
"หน่วยบริการใดที่สามารถให้บริการตามนโยบาย ""เจ็บป่วยฉุกเฉินวิกฤตมีสิทธิทุกที่"" ได้? ก. โรงพยาบาลเอกชนทุกแห่ง ข. โรงพยาบาลในเครือข่ายโรงพยาบาลกลุ่มสถาบันแพทยศาสตร์แห่งประเทศไทย ค. คลินิกทั่วไป ง. ทุกหน่วยบริการที่มีแพทย์ประจำ",
ข้าราชการสามารถเข้ารับบริการรักษาพยาบาลได้ที่ใด? ก. โรงพยาบาลเอกชน ข. โรงพยาบาลของรัฐ ค. คลินิกเฉพาะทาง ง. ทุกข้อถูกต้อง,
เมื่อผู้ป่วยฉุกเฉินวิกฤตมีสิทธิได้รับความคุ้มครองตามกฎหมายว่าด้วยการคุ้มครองผู้ประสบภัยจากรถ ควรทำอย่างไร? ก. ใช้สิทธิหลักประกันสุขภาพแห่งชาติก่อน ข. ใช้สิทธิประกันชีวิตก่อน ค. ใช้สิทธิตามกฎหมายคุ้มครองผู้ประสบภัยจากรถก่อน ง. ใช้สิทธิผู้ประกันตนคนพิการก่อน,
การตรวจสอบก่อนการจ่าย (Pre audit) ดำเนินการผ่านระบบใด? ก. Manual Review ข. On Screen Review ค. Paper Review ง. Online Submission,
ผู้มีสิทธิรับบริการผ่าตัดใส่รากฟันเทียมประกอบด้วยสิทธิใดบ้าง? ก. สิทธิหลักประกันสุขภาพแห่งชาติ ข. สิทธิผู้ประกันตนคนพิการ (D1) ค. ทั้ง ก และ ข ง. ไม่มีข้อใดถูกต้อง,
การใช้สิทธินโยบายปฐมภูมิไปที่ไหนก็ได้มีเงื่อนไขอะไรบ้าง? ก. ต้องเข้ารับการรักษากรณีผู้ป่วยนอก (OPD) ข. ต้องไม่ใช่กรณีรักษาต่อเนื่อง ค. ต้องรักษาในโรงพยาบาลเอกชนเท่านั้น ง. ก และ ข ถูกต้อง,
ผู้ใดในกลุ่มต่อไปนี้ไม่มีสิทธิหลักประกันสุขภาพแห่งชาติ? ก. เด็กแรกเกิดที่ไม่มีสิทธิสวัสดิการการรักษาพยาบาลข้าราชการจากบิดามารดา ข. บุตรข้าราชการที่บรรลุนิติภาวะและไม่มีสิทธิประกันสุขภาพจากหน่วยงานรัฐ ค. ผู้ประกอบอาชีพอิสระที่เป็นผู้ประกันตน ง. ข้าราชการที่เกษียณอายุโดยมิได้รับบำนาญ,
กลุ่มเป้าหมายใดที่เน้นให้บริการตรวจคัดกรองวัณโรคในปีงบประมาณ 2567-2568? ก. ผู้สูงอายุ ข. ผู้ที่มีความเสี่ยงสูงต่อการติดเชื้อวัณโรค ค. เด็กแรกเกิด ง. ผู้ป่วยโรคหัวใจ,
หน่วยบริการใดที่มีศักยภาพในการตรวจคัดกรองพยาธิใบไม้ตับด้วยการตรวจปัสสาวะ? ก. หน่วยบริการที่รับการส่งต่อเฉพาะด้านเทคนิคการแพทย์ ข. หน่วยบริการที่รับการส่งต่อเฉพาะด้านการพยาบาลและการผดุงครรภ์ ค. หน่วยบริการที่รับการส่งต่อเฉพาะด้านเกสซธรรม ง. ถูกทุกข้อ,
สิทธิใดที่สามารถใช้บริการผ่าตัดข้อเข่าเทียมได้? ก. สิทธิหลักประกันสุขภาพแห่งชาติ ข. สิทธิผู้ประกันตนคนพิการ (D1) ค. สิทธิการรักษาพยาบาลข้าราชการ ง. ก และ ข,
หมายเลขโทรศัพท์ใดที่สามารถติดต่อศูนย์ประสานงานคุมครองสิทธิผู้ป่วยฉุกเฉินวิกฤตได้? ก. 02-8721669 ข. 02-1937057 ค. 1426 ง. 1669,
การจ่ายยาเสริมธาตุเหล็ก กรดโฟลิก ไอโอดีน จ่ายให้ไม่เกินกี่ครั้งต่อการคลอด? ก. 1 ครั้ง ข. 2 ครั้ง ค. 3 ครั้ง ง. 4 ครั้ง,
สิทธิหลักประกันสุขภาพแห่งชาติ (UC) ครอบคลุมการรักษาโรคใด? ก. โรคฮีโมฟีเลีย ข. โรคเลือดออกง่ายวอนวิลลิแบรนด์ ค. โรคเบาหวาน ง. ถูกทั้ง ก และ ข,
ห้อง R005 (OR01) กำลังซ่อมบำรุง Dr. Robert Martinez ต้องผ่าตัดเข่า คนไข้ P012 วันที่ 2024-08-05 เวลา 08:00 มีห้องอื่นใช้ได้หรือไม่? ก. มี - R001 ข. มี - R004 ค. ไม่มี ง. ต้องเลื่อนการผ่าตัด,
วัคซีนโปลิโอภิน (OPV3) ควรได้รับเมื่ออายุเท่าไร? ก. 2 เดือน ข. 4 เดือน ค. 2 ปี 6 เดือน ง. 4 ปี,
"ค่าพาหนะส่งกลับจากศูนย์การดูแลผู้ป่วยโรคหายากจ่ายตามอัตราใด? ก. จ่ายตามจริงไม่เกิน 1,000 บาท ข. จ่ายตามอัตราจ่ายในระบบปกติ ค. จ่ายตามอัตราจ่ายในระบบพิเศษ ง. จ่ายตามอัตราจ่ายในระบบฉุกเฉิน",
"คำปรึกษาใส่ท่าทางอนามัยมีค่าใช้จ่ายเท่าใด? ก. 150 บาท ข. 800 บาท ค. 2,150 บาท ง. ไม่มีค่าใช้จ่าย",
กองทุนฟื้นฟูสมรรถภาพที่จำเป็นต่อสุขภาพดำเนินการโดยองค์กรใด? ก. เทศบาลตำบล ข. องค์การบริหารส่วนจังหวัด ค. กองทุนตำบล ง. กองทุนหลักประกันสุขภาพกรุงเทพมหานคร,
คุณ John Doe (P001) : ฉันมีอาการเจ็บหน้าอก หายใจลำบาก และมีประวัติความดันโลหิตสูง ควรไปพบหมอแผนกไหน? ก. Internal Medicine ข. Cardiology ค. Orthopedics ง. Emergency,
Dr. Robert Martinez มีประสบการณ์การทำงานทั้งหมดกี่ปี? ก. 15 ปี ข. 18 ปี ค. 20 ปี ง. 25 ปี,
ในกรณีการรักษาผู้ป่วยใน เงื่อนไขใหม่ปี 2568 มีการปรับลดการจ่ายค่ารักษาโรคใด? ก. โรคหลอดเลือดหัวใจ ข. โรคเบาหวาน ค. โรคมะเร็ง ง. โรคไต,
ค่าบริการตรวจอัลตราซาวน์ในเขต 1-12 สำหรับปีงบประมาณ 2567 อยู่ที่เท่าใดต่อการตั้งครรภ์? ก. 360 บาท ข. 400 บาท ค. 500 บาท ง. 600 บาท,
หลังจากคุณ Sompong Jaidee (P003) เข้าแผนกฉุกเฉิน พบว่าความดัน 135/85 mmHg และมีประวัติแพ้ Aspirin ขั้นตอนต่อไปคือ? ก. ให้ยา Aspirin ข. ส่งแผนกโรคหัวใจ ค. เช็ค EKG ง. หลีกเลี่ยงยาที่มี Aspirin,
การตรวจ Anti-HIV ครั้งที่ 1 และครั้งที่ 2 ควรห่างกันไม่น้อยกว่ากี่วัน? ก. 15 วัน ข. 30 วัน ค. 45 วัน ง. 60 วัน,
หน่วยบริการใดที่สามารถรับค่าใช้จ่ายเพิ่มเติมจากการให้บริการผู้ป่วยใน? ก. หน่วยบริการผู้ป่วยนอก ข. หน่วยบริการผู้ป่วยใน ค. หน่วยบริการฉุกเฉิน ง. หน่วยบริการทั่วไป,
ค่าบริการฟื้นฟูการได้ยินและการฝึกพูดจ่ายให้แก่หน่วยบริการที่มีศักยภาพตามผลงานการให้บริการไม่เกินกี่ครั้งต่อเดือน? ก. 2 ครั้ง ข. 3 ครั้ง ค. 4 ครั้ง ง. 5 ครั้ง,
การตรวจการดื่อต่อยาต้านเอชไอวี (DR) มีสิทธิ UC และเป็นผู้ติดเชื้อเอชไอวีที่ลงทะเบียนผ่านโปรแกรมใด? ก. NAP ข. SAP ค. MAP ง. LAP,
ผู้ป่วยที่เดินทางไปเยี่ยมญาติในจังหวัดอื่นต้องการขอรับยาประจำจากหน่วยบริการอื่น ต้องทำอย่างไร? ก. ไม่สามารถรับยาได้ ต้องกลับไปรับที่จังหวัดตามสิทธิ ข. สามารถรับยาได้ ควรนำยาเดิมให้แพทย์พิจารณาร่วมด้วย ค. ต้องชำระเงินเพิ่มเติม ง. ต้องมีใบรับรองจากแพทย์เฉพาะทางเท่านั้น,
ค่าบริการตรวจอัลตราซาวด์มีค่าใช้จ่ายเท่าใด? ก. 300 บาท ข. 350 บาท ค. 400 บาท ง. 450 บาท,
กรณีใดที่ผู้มีสิทธิหลักประกันสุขภาพสามารถเข้ารับบริการที่สถานบริการอื่นได้? ก. กรณีเจ็บป่วยธรรมดา ข. กรณีเจ็บป่วยฉุกเฉิน ค. กรณีไม่มีเหตุอันสมควร ง. กรณีต้องการเปลี่ยนสถานบริการ,
คุณ Supan Wannakul (P004) : ปัจจุบันผมอายุ 32 ปี หากต้องทำการตรวจ CT Scan ผมควรเตรียมตัวอย่างไร? ก. หลับพักผ่อนให้เพียงพอและทำ CT ปกติ ข. ทำ CT โดยไม่ใช้ contrast ค. ใช้ MRI แทนเนื่องจากพบประวัติการแพ้ไอโอดีน ง. ให้ยาแพ้ก่อน และทำ CT โดยปกติ,
ผู้ที่มีสิทธิหลักประกันสุขภาพแห่งชาติสามารถลงทะเบียนได้โดยวิธีใดบ้าง? ก. ยื่นคำร้องด้วยตนเอง ข. ผ่านหน่วยบริการประจำ ค. ต้องได้รับความยินยอมจากผู้ปกครอง ง. ถูกทุกข้อ,
ยาสมุนไพรชนิดใดมีรูปแบบเป็นยาน้ำในปีงบประมาณ 2567? ก. ฟ้าทะลายโจร ข. ยาแก้ไอเมะขามป้อม ค. ขมิ้นชัน ง. เถาวัลย์เปรี้ยง,
บริการฝากครรภ์ในปีงบประมาณ 2567 รวมถึงการให้ยาเสริมชนิดใดบ้าง? ก. ธาตุเหล็ก ข. กรดโฟลิก ค. ไอโอดีน ง. ถูกทุกข้อ,
หากได้รับความเสียหายจากการรักษาพยาบาล สามารถขอสิทธิการขอรับเงินช่วยเหลือเบื้องต้นได้อย่างไร? ก. ติดต่อโรงพยาบาลที่รักษา ข. ติดต่อ สปสช. ค. ติดต่อกระทรวงสาธารณสุข ง. ติดต่อกรมบัญชีกลาง,
ในปี พ.ศ. 2565 สิทธิใดมีสัดส่วนประชากรมากที่สุด? ก. สิทธิหลักประกันสุขภาพแห่งชาติ (UCS) ข. สิทธิประกันสังคม (SSS) ค. สิทธิข้าราชการ/รัฐวิสาหกิจ (OFC) ง. ไม่มีข้อใดถูกต้อง,
หญิงตั้งครรภ์ที่มีอายุเท่าใดที่ถือว่ามีความเสี่ยงสูงในการตรวจคัดกรองกลุ่มอาการดาวน์? ก. มากกว่า 25 ปี ข. มากกว่า 30 ปี ค. มากกว่า 35 ปี ง. มากกว่า 40 ปี,
ใครมีสิทธิได้รับยาน้ำมันกัญชาที่ผลิตจากช่อดอก? ก. ผู้ประกันตนทุกคน ข. ผู้ป่วยโรคเรื้อรัง ค. ผู้มีสิทธิหลักประกันสุขภาพแห่งชาติ ง. ไม่มีข้อใดถูกต้อง,
สำนักงานหลักประกันสุขภาพแห่งชาติในกรุงเทพมหานครตั้งอยู่ที่ไหน? ก. ถนนราชดำเนิน ข. ถนนพระราม 9 ค. ศูนย์ราชการเฉลิมพระเกียรติฯ ถนนแจ้งวัฒนะ ง. ไม่มีข้อใดถูกต้อง,
คุณ Somchai Narong (P014) อายุ 38 ปี มาด้วยอาการปวดหลัง และข้อเข่า ควรส่งแผนกไหน? ก. แผนกประสาท ข. แผนกออร์โธปิดิกส์ ค. แผนกอายุรกรรม ง. แผนกไต,
จังหวัดใดไม่ได้อยู่ในความรับผิดชอบของ สปสช.เขต 6 สงขลา? ก. ยะลา ข. นครศรีธรรมราช ค. สตูล ง. ปัตตานี,
หน่วยงานใดที่สามารถยืนคำร้องได้ในขั้นตอนที่ 3? ก. สำนักทะเบียนอำเภอ ข. สำนักทะเบียนท้องถิ่น ค. กรมการปกครอง ง. ถูกทั้ง ก และ ข,
"อัตราจ่าย Add on สำหรับชุดอุปกรณ์ผ่าตัดด้วยหุ่นยนต์ในมะเร็งต่อมลูกหมากคือเท่าใด? ก. ไม่เกิน 50,000 บาทต่อครั้ง ข. ไม่เกิน 100,000 บาทต่อครั้ง ค. ไม่เกิน 140,000 บาทต่อครั้ง ง. ไม่เกิน 130,000 บาทต่อครั้ง",
"อัตราจ่ายของยาน้ำมันสารสกัดกัญชาที่มี THC และ CBD ในอัตราส่วน 1:1 ขนาด 5 ml คือเท่าใด? ก. 500 บาท/ขวด ข. 700 บาท/ขวด ค. 900 บาท/ขวด ง. 1,100 บาท/ขวด",
การใช้อวัยวะเทียมและอุปกรณ์บำบัดรักษาโรคเริ่มรับข้อมูลในการเบิกจ่ายตั้งแต่วันใด? ก. 1 มกราคม 2558 ข. 1 กรกฎาคม 2558 ค. 1 กันยายน 2556 ง. 15 กรกฎาคม 2559,
คุณ John Doe (P001) มี HbA1c = 7.2% และความดัน 120/80 mmHg กำลังกิน Lisinopril และ Metformin หากต้องการเพิ่มยาควบคุมเบาหวาน ควรหลีกเลี่ยงยาตัวไหน? ก. Insulin ข. Glipizide ค. Penicillin-based antibiotics ง. ACE inhibitors,
"หน่วยบริการใดที่ได้รับการเหมาจ่าย 16,000 บาท ต่อการสลายนีวในไตหนึ่งช้างต่อคนต่อปี? ก. หน่วยบริการภาครัฐ ข. หน่วยบริการภาคเอกชน ค. หน่วยบริการทั้งภาครัฐและเอกชน ง. ไม่มีข้อใดถูกต้อง",
การนัดหมาย A008 กำหนดไว้วันไหน? ก. 2024-08-03 ข. 2024-08-05 ค. 2024-08-06 ง. 2024-08-07,
การเบิกค่ารักษาพยาบาลจากกองทุนผู้ประสบภัยจากรถในปี 2568 ต้องทำอย่างไรหากมีประกัน/พรบ.? ก. เบิกจ่ายตรงจากหน่วยงานต้นสังกัด ข. เบิกจากสถานพยาบาลที่เข้าร่วม ค. เบิกโดยไม่ต้องใช้ใบเสร็จ ง. เบิกจากโรงพยาบาลเอกชน,
บริการในข้อใดที่ไม่อยู่ในความคุ้มครองของสิทธิหลักประกันสุขภาพแห่งชาติ? ก. การปลูกถ่ายอวัยวะ ข. การตรวจวินิจฉัยที่เกินความจำเป็น ค. บริการเพื่อความสว่างาม ง. ถูกทุกข้อ,
"ช่วยนำทางผมไปแผนก Orthopedics ไปทางไหนครับ? ก. Building A, Floor 3 ข. Building B, Floor 2 ค. Building C, Floor 2 ง. Building A, Floor 1",
แพทย์ Robert Martinez ทำงานวันจันทร์หรือไม่? ก. ทำงาน ข. ไม่ทำงาน ค. ทำงานครึ่งวัน ง. ไม่แน่ใจ,
หน่วยงานใดสนับสนุนการจัดบริการดูแลระยะยาวสำหรับผู้สูงอายุที่มีภาวะพึ่งพิง? ก. โรงพยาบาลเอกชน ข. คณะกรรมการสนับสนุนการจัดบริการดูแลระยะยาว ค. กระทรวงศึกษาธิการ ง. องค์กรการกุศล,
ผู้ป่วยที่มีค่าดัชนีบาร์เฮลเอ็ดีแอล (Barthel ADL index) น้อยกว่าเท่าไหร่ที่เข้าเกณฑ์รับบริการฟื้นฟูสมรรถภาพด้านการแพทย์ระยะกลาง? ก. 10 ข. 12 ค. 15 ง. 20,
บริการค่าพาหนะรับส่งต่อระหว่างหน่วยบริการในปี 2567 ครอบคลุมผู้มีสิทธิใดบ้าง? ก. สิทธิหลักประกันสุขภาพแห่งชาติ ข. สิทธิผู้ประกันตนคนพิการ (D1) ค. ถูกทั้ง ก. และ ข. ง. ไม่มีข้อใดถูกต้อง,
การฝังรากฟันเทียมต้องทำอย่างไร? ก. ติดต่อคลินิกเอกชน ข. ติดต่อโรงพยาบาลตามสิทธิ ค. ติดต่อทันตแพทย์ส่วนตัว ง. ติดต่อร้านขายยา,
สำนักงานหลักประกันสุขภาพแห่งชาติ เขต 1 เชียงใหม่ ตั้งอยู่ที่อำเภอใด? ก. อำเภอสารภี ข. อำเภอเมือง ค. อำเภอหางดง ง. อำเภอแม่ริม,
คุณ Chaiwat Somjai (P009) มี HbA1c = 8.1% ควบคุมเบาหวานไม่ได้ ขั้นตอนต่อไปคือ? ก. เพิ่มขนาดยา ข. ปรึกษาแพทย์เฉพาะทาง ค. เปลี่ยนยา ง. ปรับอาหาร,
โปรแกรมใดที่ใช้ในการส่งข้อมูลเพื่อขอรับค่าใช้จ่ายสำหรับการสลายนีว? ก. e-Claim ข. DRGs ค. IP Normal ง. PCNL,
ห้อง R005 เป็นห้องเกี่ยวกับแผนกใด? ก. consultation ข. emergency ค. inpatient ง. operating,
หน่วยบริการใดที่สามารถให้บริการยาน้ำมันสารสกัดกัญชาที่มี delta-9-tetrahydrocannabinol (THC) ไม่เกิน 0.5 mg/drop ในปีงบประมาณ 2568? ก. หน่วยบริการในระบบหลักประกันสุขภาพแห่งชาติ ข. หน่วยบริการที่มีศักยภาพในการให้บริการ ค. หน่วยบริการทั่วไป ง. หน่วยบริการเฉพาะทาง,
"ค่าใช้จ่ายสำหรับเฮลิคอปเตอร์ที่มีเครื่องยนต์ 3 เท่าใดต่อชั่วโมงบิน? ก. 40,000 บาท ข. 80,000 บาท ค. 120,000 บาท ง. 160,000 บาท",
ยารักษาวัณโรคชนิดใดที่ใช้สำหรับวัณโรคสตรีอย่าหลายชนิดรุนแรงมาก? ก. ยารักษาวัณโรคสตรีพื้นฐาน ข. ยารักษาวัณโรคสตรีอย่า (RR-TB/MDR-TB) ค. ยารักษาวัณโรคสตรีอย่าหลายชนิดรุนแรงมาก (Pre-XDR-TB/XDR-TB) ง. ยารักษาวัณโรคสตรีอย่า (XDR-TB),
กลุ่มโรคใดที่อยู่ระหว่างการทบทวนเพื่อขยายบริการการดูแลที่บ้าน? ก. โรคหัวใจ ข. โรคปอดอุดกั้นเรื้อรัง ค. โรคเบาหวาน ง. โรคความดันโลหิตสูง,
การเจาะน้ำคร่ำในหญิงตั้งครรภ์สามารถใช้สิทธิหลักประกันสุขภาพแห่งชาติได้หรือไม่? ก. ได้ทุกกรณี ข. ได้เฉพาะกรณีมีขอบคุณทางการแพทย์ ค. ไม่ได้เลย ง. ได้เฉพาะกรณีที่มารดามีสิทธิประกันสังคมเท่านั้น,
สำนักงานหลักประกันสุขภาพแห่งชาติ เขต 9 นครราชสีมา ตั้งอยู่ในตำบลใด? ก. ตำบลบางกุง ข. ตำบลหนองบัวศาลา ค. ตำบลในเมือง ง. ตำบลหมากแข้ง,
ช่องทางใดที่ สปสช. ให้บริการข้อมูลตลอด 24 ชั่วโมง? ก. เว็บไซต์ สปสช. ข. สายด่วน สปสช. โทร. 1330 ค. ศูนย์ข้อมูลกฎหมาย สปสช. ง. ศูนย์บริการสารสนเทศประกันสุขภาพ,
การลงทะเบียนสิทธิคนพิการในระบบหลักประกันสุขภาพแห่งชาติจำเป็นต้องมีอะไร? ก. ใบรับรองความพิการจากแพทย์ ข. บัตรประชาชน ค. ใบรับรองแพทย์ทั่วไป ง. สำเนาทะเบียนบ้าน,
ยาฟาวิพิราเวียร์และยาโมลนูพิราเวียร์สำหรับผู้ป่วยโควิด อยู่ในสิทธิหลักประกันสุขภาพแห่งชาติหรือไม่? ก. อยู่ในสิทธิ ข. ไม่อยู่ในสิทธิ ค. อยู่ในสิทธิเฉพาะบางกรณี ง. ต้องจ่ายค่าใช้จ่ายเอง,
แผนกไหนที่มีพนักงานมากที่สุด? ก. แผนกโรคหัวใจ ข. แผนกต่อมไร้ท่อ ค. แผนกฉุกเฉิน ง. แผนกออร์โธปิดิกส์,
ห้อง ER01 มีผู้ป่วยอยู่แล้ว เข้ามาผู้ป่วยอุบัติเหตุรถชนใหม่ 2 ราย ต้องการห้องที่มีเครื่องปั๊มหัวใจ ใช้ห้องไหนได้? ก. R001 ข. R002 ค. R004 ง. ไม่มีห้องว่าง,
โรคโลหิตจางธาลัสซีเมียชนิดใดที่ต้องพึ่งพาการให้เลือด? ก. Alpha thalassemia ข. Beta thalassemia/Hb E ค. Homozygous Beta thalassemia ง. ถูกทุกข้อ,
การให้ยารักษาภาวะไขมันในเลือดสูงเป็นส่วนหนึ่งของการดูแลผู้ป่วยในกรณีใด? ก. ผู้ป่วยมะเร็ง ข. ผู้ติดเชื้อเอชไอวี ค. ผู้ป่วยโรคหัวใจ ง. ผู้ป่วยโรคเบาหวาน,
การชดเชยงบประมาณ 30% ให้เมื่อคู่สัญญามีผลงาน RR และ Test อย่างน้อยกี่เปอร์เซ็นต์ของเป้าหมายในสัญญา? ก. 30% ข. 40% ค. 50% ง. 60%,
การบริการสุขภาพในหลักประกันสุขภาพถ้วนหน้าครอบคลุมกี่มิติ? ก. 2 มิติ ข. 3 มิติ ค. 4 มิติ ง. 5 มิติ,
"ฉันกำลังหาแผนก Endocrinology ตั้งอยู่ที่ไหนคะ? ก. Building A, Floor 3 ข. Building B, Floor 2 ค. Building C, Floor 2 ง. Building A, Floor 1",
"อัตราจ่ายงวดที่ 2 สำหรับการปลูกถ่ายเซลล์ต้นกำเนิดเม็ดโลหิตแบบ Allogenic MRD คือเท่าใด? ก. 100,000 บาท ข. 150,000 บาท ค. 300,000 บาท ง. 1,200,000 บาท",
คุณ Supan Wannakul (P004) มีน้ำหนักเท่าไหร่? ก. 120 kg ข. 125 kg ค. 130 kg ง. 135 kg,
ผู้ป่วยติดเตียงสามารถใช้สิทธิหลักประกันสุขภาพแห่งชาติในการเบิกจ่ายผ้าอ้อมหรือแผ่นรองซับได้หรือไม่? ก. ได้ ข. ไม่ได้ ค. ได้เฉพาะบางกรณี ง. ไม่แน่ใจ,
ผู้ป่วยโรคหลอดเลือดสมองที่มีสิทธิได้รับบริการฝังเข็มจะต้องมีค่าดัชนี Barthel ADL index น้อยกว่าเท่าใด? ก. 10 ข. 15 ค. 20 ง. 25,
คณะกรรมการกองทุนมีบทบาทใดในการพิจารณาให้ความเห็นชอบรายงานผลการดำเนินงาน? ก. พิจารณาอนุมัติโครงการหรือกิจกรรม ข. พิจารณาอนุมัติแผนการเงินประจำปี ค. พิจารณาให้ความเห็นชอบรายงานผลการดำเนินงาน ง. สนับสนุนการเข้าถึงบริการสาธารณสุขในชุมชน,
อัตราจ่ายสำหรับการตรวจ Anti-HCV ในกรณีป้องกันการติดเชื้อเอชไอวีหลังการสัมผัสเชื้อ (PEP) คือเท่าใดต่อครั้ง? ก. 50 บาท ข. 70 บาท ค. 130 บาท ง. 150 บาท,
ผู้ป่วยที่มีสิทธิ UC สามารถรับบริการได้จากหน่วยบริการใด? ก. หน่วยบริการในระบบ UC ข. หน่วยบริการนอกระบบ UC ค. โรงพยาบาลเอกชน ง. ทุกข้อ,
คุณ Supan Wannakul (P004) หญิง อายุ 32 ปี มาตรวจสุขภาพประจำปี ครั้งนี้พบว่าแพ้ Iodine ขั้นตอนแรกที่สำคัญคือ? ก. บันทึกประวัติการแพ้ ข. สั่งตรวจเลือด ค. วัดความดัน ง. ชั่งน้ำหนัก,
ผู้ที่มีอาการออฟฟิศซินโดรมสามารถใช้สิทธิหลักประกันสุขภาพแห่งชาติในการฝังเข็มได้หรือไม่? ก. ได้ ข. ไม่ได้ ค. ได้เฉพาะบางกรณี ง. ต้องจ่ายค่าใช้จ่ายเอง,
ผู้ปกครองพบว่าบุตรเรียนชั้น ป.3 มีสายตาสั้น สามารถใช้สิทธิหลักประกันสุขภาพแห่งชาติรับแว่นตาได้หรือไม่? ก. ได้ ข. ไม่ได้ ค. ได้เฉพาะกรณีฉุกเฉิน ง. ไม่แน่ใจ,
การนัดผ่าตัดล่วงหน้า (Elective case) ในเงื่อนไขใหม่ 2568 ต้องบันทึกเบิกเป็นประเภทใด? ก. ผู้ป่วยนอก ข. ผู้ป่วยใน ค. ผู้ป่วยฉุกเฉิน ง. ผู้ป่วยพิเศษ,
หน่วยบริการใดที่สามารถให้บริการยุติการตั้งครรภ์ด้วยยามิฟพริสโตนและไมโซพรอสตอล? ก. หน่วยบริการที่ขึ้นทะเบียนกับกรมอนามัย กระทรวงสาธารณสุข ข. หน่วยบริการที่ไม่ได้ขึ้นทะเบียน ค. ทุกหน่วยบริการในประเทศ ง. หน่วยบริการเฉพาะในกรุงเทพมหานคร,
โปรแกรมใดที่ใช้บันทึกข้อมูลการฉีดวัคซีนในเขต 1-12? ก. KTB ข. Seamless for DMIS ค. Moph Claim ง. ไม่มีข้อใดถูกต้อง,
บริการผ่าตัดข้อเข่าเทียมในปี 2567 ใช้โปรแกรมใดในการส่งข้อมูล? ก. e-Claim ข. e-Hospital ค. e-Health ง. e-Surgery,
การให้บริการฟื้นฟูสมรรถภาพด้านการแพทย์ตามประกาศนี้ ต้องเป็นไปตามเงื่อนไขใดบ้าง? ก. เฉพาะในจังหวัดที่มีกองทุนฟื้นฟูสมรรถภาพระดับจังหวัด ข. เฉพาะในจังหวัดที่ไม่มีกองทุนฟื้นฟูสมรรถภาพระดับจังหวัด ค. เฉพาะในจังหวัดที่มีประชากรมากกว่า 1 ล้านคน ง. ทุกจังหวัดทั่วประเทศ,
คุณสมบัติของผู้มีสิทธิหลักประกันสุขภาพแห่งชาติข้อใดไม่ถูกต้อง? ก. เป็นบุคคลที่มีสัญชาติไทย ข. มีเลขประจำตัวประชาชน 13 หลัก ค. มีสิทธิประกันสุขภาพจากหน่วยงานรัฐ ง. ไม่มีข้อใดถูกต้อง,
ค่าใช้จ่ายที่จ่ายเพื่อบริการอุปกรณ์และอวัยวะเทียมในการบำบัดรักษาโรคในปี 2567 และ 2568 จ่ายตามแบบใด? ก. จ่ายตามจริงไม่เกินอัตราที่กำหนด ข. จ่ายตามงบประมาณที่ได้ ค. จ่ายตามความต้องการของผู้ป่วย ง. จ่ายตามดุลยพินิจของแพทย์,
หน่วยบริการต้องจัดทำสิ่งใดสำหรับการเบิกจ่ายในกรณีที่ สปสช. กำหนด? ก. รายงานการเงิน ข. Drug catalogue ค. ตารางเวลา ง. บัญชีรายชื่อผู้ป่วย,
หน่วยบริการใดที่มีบทบาทในระบบหลักประกันสุขภาพแห่งชาติ? ก. โรงพยาบาลรัฐ ข. คลินิกเอกชน ค. สถานพยาบาลประจำหมู่บ้าน ง. ถูกทุกข้อ,
ระบบใดที่ใช้บันทึกข้อมูลการเบิกจ่ายสำหรับบริการฝังเข็มในผู้ป่วยโรคหลอดเลือดสมอง? ก. ระบบ e-Claim ข. ระบบ e-Health ค. ระบบ e-Medical ง. ระบบ e-Insurance,
บริการใดที่กองทุนตำบลให้ความสำคัญในการป้องกันและควบคุมโรคเบาหวานและความดันโลหิตสูง? ก. การจัดการสิ่งแวดล้อม ข. การส่งเสริมสุขภาพในกลุ่มเสี่ยง ค. การพัฒนาสิ่งอำนวยความสะดวก ง. การให้คำปรึกษาด้านจิตวิทยา,
หมอคนไหนเป็นหัวหน้าแผนก Orthopedics? ก. Dr. Sarah Johnson ข. Dr. Michael Williams ค. Dr. Emily Chen ง. Dr. Robert Martinez,
กลุ่มเป้าหมายในเขต 1-12 สำหรับบริการคัดกรองโลหิตจากการขาดธาตุเหล็กคือใคร? ก. หญิงไทยทุกคน อายุ 13 – 24 ปี ข. เด็กแรกเกิด - 12 ปี ค. หญิงไทยทุกคน อายุ 25 – 35 ปี ง. ถูกทุกข้อ,
หน่วยบริการใดที่สามารถให้บริการยาน้ำมันสารสกัดกัญชาที่มี THC ไม่เกิน 3 mg/drop ได้? ก. หน่วยบริการทั่วไป ข. หน่วยบริการที่มีศักยภาพในการให้บริการตามข้อกำหนดบัญชียาหลักแห่งชาติต้านสมุนไพร ค. หน่วยบริการเฉพาะทาง ง. ไม่มีข้อใดถูกต้อง,
การทำแผลต่อเนื่องหลังการผ่าตัดช่องท้องจากการถูกทำร้ายร่างกาย สามารถใช้สิทธิฉุกเฉินต่อเนื่องได้กี่วัน? ก. ไม่เกิน 7 วัน ข. ไม่เกิน 10 วัน ค. ไม่เกิน 15 วัน ง. ไม่จำกัดวัน,
นโยบายปฐมภูมิไปที่ไหนก็ได้เริ่มมีผลตั้งแต่วันที่เท่าใด? ก. 1 มกราคม 2563 ข. 1 มกราคม 2564 ค. 1 มกราคม 2565 ง. 1 มกราคม 2566,
หน่วยบริการในระบบ UC จ่ายชดเชยในระบบใด? ก. Seamless for DMIS ข. NAP PLUS ค. RR ง. Test,
การตรวจ Treponemal test (TT) ด้วยวิธีใดบ้าง? ก. CIA/CLIA และ RDT ข. RPR และ VDRL ค. TPPA และ TPHA ง. ถูกทุกข้อ,
ในกรณีเจ็บป่วยฉุกเฉินวิกฤตถึงแก่ชีวิต ผู้ป่วยสามารถเข้ารักษาพยาบาลได้ที่ไหน? ก. โรงพยาบาลที่ใกล้ที่สุด ข. โรงพยาบาลในจังหวัดที่ตนเองอาศัยอยู่ ค. โรงพยาบาลเอกชนเท่านั้น ง. โรงพยาบาลเฉพาะทาง,
Dr. Michael Williams เลิกงานเวลาใดในวันศุกร์? ก. 16:00 ข. 17:00 ค. 18:00 ง. 19:00,
คนไข้ P019 หญิง อายุ 30 ปี ต้องการวางแผนตั้งครรภ์ แต่ยังไม่ตั้งครรภ์ มีประวัติแพ้ยา ควรปรึกษาแผนกไหนก่อน? ก. แผนกสูติ-นรีเวช ข. แผนกต่อมไร้ท่อ ค. แผนกอายุรกรรม ง. แผนกเภสัชกรรม,
บริการตรวจยืนยันด้วยวิธีใดที่รวมการตัดชิ้นเนื้อเพื่อวินิจฉัยทางพยาธิวิทยา? ก. Pap Smear ข. VIA ค. Liquid based cytology ง. Colposcope,
บริการการดูแลแบบผู้ป่วยในที่บ้านในปี 2568 ใช้โปรแกรมใดในการส่งข้อมูลเบิกและบันทึกกิจกรรม? ก. e-Claim และ AMED ข. e-Claim และ HCare ค. AMED และ HCare ง. HCare และ Authen,
บริการใดที่ไม่รวมอยู่ในขอบเขตบริการวางแผนครอบครัวและการป้องกันการตั้งครรภ์ไม่พึงประสงค์? ก. บริการยาเม็ดคุมกำเนิดชนิดรับประทาน ข. บริการยาฉีดคุมกำเนิด ค. บริการตรวจสุขภาพทั่วไป ง. บริการฝังยาคุมกำเนิด,
"อัตราการจ่ายสำหรับการยุติการตั้งครรภ์ด้วยวิธีการใช้ยาหรือทางศัลยกรรมกำหนดไว้ที่เท่าใด? ก. 1,000 บาทต่อการตั้งครรภ์ ข. 2,000 บาทต่อการตั้งครรภ์ ค. 3,000 บาทต่อการตั้งครรภ์ ง. 4,000 บาทต่อการตั้งครรภ์",
"อัตราจ่ายค่าผ่าตัดใส่รากฟันเทียมต่อรายคือเท่าใด? ก. 15,000 บาท ข. 16,500 บาท ค. 17,500 บาท ง. 18,500 บาท",
หน่วยบริการใดที่สามารถให้บริการเคลือบฟลูออไรด์ได้? ก. โรงพยาบาลเอกชน ข. หน่วยบริการในระบบหลักประกันสุขภาพแห่งชาติ ค. คลินิกเอกชนทั่วไป ง. ร้านขายยา,
"อัตราการจ่ายค่าใช้จ่ายสำหรับเฮลิคอปเตอร์ที่มีเครื่องยนต์ 2 มีค่าใช้จ่ายเท่าใดต่อชั่วโมงบิน? ก. 40,000 บาท ข. 80,000 บาท ค. 120,000 บาท ง. 160,000 บาท",
หน่วยบริการใดที่สามารถให้บริการตรวจคัดกรองโรคซิฟิลิสได้? ก. โรงพยาบาลรัฐ ข. คลินิกเอกชน ค. หน่วยบริการในระบบหลักประกันสุขภาพแห่งชาติ ง. ทุกหน่วยงานทางการแพทย์,
โปรแกรมใดที่ใช้ในการส่งข้อมูลเพื่อขอรับค่าใช้จ่ายสำหรับบริการ Robotic Surgery? ก. e-Claim ข. e-Health ค. e-Insurance ง. e-Medical,
"ค่าบริการดูแลการฝากครรภ์รวมถึงยาเสริมอะไรบ้าง? ก. แคลเซียม, วิตามินดี, แมกนีเซียม ข. เหล็ก, กรดโฟลิก, ไอโอดีน ค. วิตามินซี, วิตามินบี12, สังกะสี ง. ไม่มีข้อใดถูกต้อง",
คุณ Sarah Smith (P002) : หากต้องการยาปฏิชีวนะ ยาไหนที่ปลอดภัยกับฉัน? ก. Trimethoprim-sulfamethoxazole ข. Azithromycin ค. Sulfamethoxazole ง. Co-trimoxazole,
โรคในข้อใดที่ไม่อยู่ในรายการสำหรับผู้ใหญ่ที่เกี่ยวข้องกับการปลูกถ่ายเซลล์ต้นกำเนิดเม็ดโลหิต? ก. Osteopetrosis ข. Krabbe's leukodystrophy ค. Tuberculosis ง. Chronic myeloid leukemia (CML),
"การสลายนีวในไตในระบบหลักประกันสุขภาพแห่งชาติที่หน่วยบริการภาครัฐ เหมาจ่ายครั้งละเท่าไรต่อครั้ง? ก. 3,500 บาท ข. 6,500 บาท ค. 8,000 บาท ง. 10,000 บาท",
การตรวจความสมบูรณ์ของเม็ดเลือด (CBC) ในกรณีป้องกันการติดเชื้อเอชไอวีหลังการสัมผัสเชื้อ (PEP) มีอัตราจ่ายเท่าใดต่อครั้ง? ก. 25 บาท ข. 40 บาท ค. 50 บาท ง. 70 บาท,
วิตามินซีมีประโยชน์ต่อร่างกายอย่างไร? ก. ช่วยเสริมสร้างภูมิคุ้มกัน ข. ช่วยในการดูดซึมธาตุเหล็ก ค. ช่วยเพิ่มความดันโลหิต ง. ถูกทุกข้อ,
คุณ Prasert Sukjai (P005) : ผมอายุ 49 ปี มีประวัติการแพ้ยาแต่ผมจำไม่ได้ว่าเป็นยาตัวไหนบ้าง ต้องการยาแก้ปวดหลังผ่าตัดตัวไหนที่ปลอดภัยกับผม? ก. Codeine ข. Morphine ค. Tramadol ง. Fentanyl,
ผู้ที่เดินทางมาธุระในกรุงเทพฯ สามารถรับยาต้านไวรัสจาก รพ. ในกรุงเทพฯ ได้หรือไม่? ก. ได้ ข. ไม่ได้ ค. ได้เฉพาะในกรณีเร่งด่วน ง. ต้องมีใบส่งตัวจาก รพ. ต่างจังหวัด,
พระราชบัญญัติหลักประกันสุขภาพแห่งชาติ พ.ศ. 2545 มาตรา 47 สนับสนุนองค์กรปกครองส่วนท้องถิ่นในด้านใด? ก. การพัฒนาการศึกษา ข. การจัดการระบบสุขภาพ ค. การสร้างเสริมการท่องเที่ยว ง. การบริหารจัดการสิ่งแวดล้อม,
"Plasma amino acid analysis มีอัตราค่าบริการเท่าใด? ก. 2,500 บาท/ครั้ง ข. 3,500 บาท/ครั้ง ค. 4,000 บาท/ครั้ง ง. 5,000 บาท/ครั้ง",
คนไข้หมายเลข P020 ใช้สิทธิประกันของอะไร? ก. บริษัทประกันสุขภาพ ข. ประกันสังคม ค. โตเกียวมารีนประกัน ง. กรุงเทพประกัน,
ค่าบริการให้วัคซีนป้องกันโรคถูกกำหนดไว้ที่เท่าใดต่อโดส? ก. 10 บาท ข. 15 บาท ค. 20 บาท ง. 25 บาท,
ประกาศใหม่ของสำนักงานหลักประกันสุขภาพแห่งชาติในปี พ.ศ. ๒๕๖๖ นี้มีผลบังคับใช้ตั้งแต่เมื่อใด? ก. วันที่ 1 มกราคม พ.ศ. ๒๕๖๖ ข. วันที่ 15 กันยายน พ.ศ. ๒๕๖๕ ค. ตั้งแต่บัดนี้เป็นต้นไป ง. วันที่ 31 ธันวาคม พ.ศ. ๒๕๖๖,
วัคซีนใดที่เริ่มให้บริการเพิ่มเติมในหญิงตั้งครรภ์ในปีงบประมาณ 2567-2568? ก. วัคซีนพื้นฐาน (EPI) ข. วัคซีนคอตีบ-บาดทะยัก (dT) ในผู้ใหญ่ ค. วัคซีนป้องกันโรคนชินิดไรเซลล์ (aP vaccine) ง. วัคซีนป้องกันโรคริดใช้หวัดใหญ่ตามฤดูกาล,
หน่วยบริการประจำต้องมีเครือข่ายเพื่ออะไร? ก. เพื่อการตรวจวินิจฉัยโรค ข. เพื่อการส่งต่อผู้รับบริการ ค. เพื่อการรักษาพยาบาล ง. เพื่อการฟื้นฟูสมรรถภาพ,
Dr. Sarah Johnson มีประสบการณ์การทำงานกี่ปี? ก. 12 ปี ข. 15 ปี ค. 18 ปี ง. 20 ปี,
ข้อมูลประเภทใดที่สามารถค้นหาได้จากเว็บไซต์ http://library.nhso.go.th/index.htm? ก. ข้อมูลการใช้สิทธิหลักประกันสุขภาพ ข. ข้อมูลกองทุนหลักประกันสุขภาพในระดับท้องถิ่น ค. รายงานวิจัย / คู่มือ / หนังสือวิชาการด้านหลักประกันสุขภาพ ง. ข้อมูลสิทธิหลักประกันสุขภาพแห่งชาติ,
กรณีลงทะเบียนไม่ตรงตามที่อยู่ในบัตรประจำตัวประชาชน ต้องใช้หลักฐานใดในการยืนยันที่พักอาศัย? ก. ใบเสร็จค่าสาธารณูปโภค ข. สัญญาเช่าที่พัก ค. หนังสือรับรองของเจ้าบ้าน ง. ถูกทุกข้อ,
หน่วยบริการที่สามารถให้บริการตรวจทางห้องปฏิบัติการนอกหน่วยต้องมีศักยภาพอย่างไร? ก. ให้บริการรับส่งต่อทั่วไป ข. จัดให้มีหน่วยตรวจทางห้องปฏิบัติการนอกหน่วยด้วยตนเอง ค. มีหน่วยบริการอื่นเป็นเครือข่ายร่วมจัดบริการตรวจ ง. ถูกทุกข้อ,
ห้องใดที่มีเครื่อง Ventilator? ก. R001 ข. R002 ค. R003 ง. R004,
ผู้ป่วยไตวายที่เคยปลูกถ่ายไตโดยใช้จ่ายเองสามารถรับยากดภูมิต่อเนื่องผ่านสิทธิหลักประกันสุขภาพแห่งชาติได้หรือไม่? ก. ได้ ข. ไม่ได้ ค. ได้เฉพาะยาบางชนิด ง. ต้องจ่ายเงินเอง,
"ค่าตรวจวินิจฉัยกลุ่มเสี่ยง TMS: Comprehensive metaboloc test มีอัตราค่าบริการเท่าใด? ก. 2,500 บาท/ครั้ง ข. 3,000 บาท/ครั้ง ค. 3,500 บาท/ครั้ง ง. 4,000 บาท/ครั้ง",
"อัตราจ่ายสำหรับเลนส์สายตาผิดปกติทั่วไป (Stock lens) ในเขต 1-12 อยู่ที่เท่าใดต่อคนต่อปี? ก. 600 บาท ข. 800 บาท ค. 1,000 บาท ง. 1,200 บาท",
วันที่ 12 ธันวาคม ของทุกปี ถูกกำหนดให้เป็นวันอะไร? ก. วันสุขภาพโลก ข. วันหลักประกันสุขภาพถ้วนหน้าสากล ค. วันรณรงค์สุขภาพแห่งชาติ ง. วันสาธารณสุขสากล,
หน่วยบริการใดสามารถให้บริการการประเมินการสั่นพ้องผิดปกติจากปัญหา VPI ด้วยการฝัง*การประเมิน instrumental VPI ได้? ก. หน่วยบริการทั่วไป ข. หน่วยบริการที่ได้รับการรับรองจากสมาคมโสตสัมผัสวิทยาและการแก้ไขการพูดแห่งประเทศไทย ค. โรงพยาบาลเอกชนเท่านั้น ง. ทุกหน่วยบริการที่มีแพทย์เฉพาะทาง,
"เด็กในเขต 13 ที่สามารถรับบริการยาเสริมธาตุเหล็กเพื่อป้องกันโลหิตจางคือกลุ่มใด? ก. เด็กอายุ 2 เดือนที่น้ำหนักตัวเร็วคลอด < 2,500 กรัม ข. เด็กอายุ 6 เดือน - 2 ปี ค. เด็กอายุ 2-5 ปี ง. ถูกทุกข้อ",
การตรวจคัดกรองกลุ่มอาการดาวน์ในหญิงตั้งครรภ์ใช้วิธีใด? ก. การตรวจอัลตราซาวน์ ข. Quadruple test ค. การตรวจความดันโลหิต ง. การตรวจสายตา,
ใครในกลุ่มต่อไปนี้ควรได้รับบริการตรวจและรักษาการติดเชื้อวัณโรคระยะแฝง? ก. ผู้ป่วยโรคหัวใจ ข. บุคลากรสาธารณสุข ค. เด็กนักเรียน ง. ผู้ที่มีสุขภาพแข็งแรง,
สิทธิใดที่ครอบคลุมการใช้บริการ Robotic Surgery? ก. สิทธิหลักประกันสุขภาพแห่งชาติ ข. สิทธิผู้ประกันตนคนพิการ (D1) ค. สิทธิประกันสุขภาพภาคเอกชน ง. ก และ ข,
หน่วยบริการใดที่สามารถให้บริการตรวจหาการติดเชื้อเอชไอวีด้วยตนเอง? ก. หน่วยบริการปฐมภูมิ ข. หน่วยรับส่งต่อด้านเทคนิคการแพทย์ ค. หน่วยบริการรับส่งต่อเฉพาะด้านเภสัชกรรม ง. ถูกทุกข้อ,
บริการฝังเข็มในผู้ป่วยโรคหลอดเลือดสมองใช้ระบบใดในการบันทึกและประมวลผลข้อมูล? ก. จ.2 ข. Seamless For DMIS ค. Disability ง. E-Claim,
ผู้มีสิทธิในการใช้บริการฉีดยาเข้าวัณตาประกอบด้วยสิทธิใดบ้าง? ก. อปท. และข้าราชการ ข. กทม. และ ชมก. ค. สพฐ. และ จนท สปสช. ง. ถูกทุกข้อ,
ข้อใดถูกต้องเกี่ยวกับการบริการผู้ป่วยโรคหายากในปี 2568? ก. เพิ่มอัตราค่าบริการตรวจวินิจฉัย ข. ลดจำนวนหน่วยบริการ ค. เพิ่มจำนวนหน่วยบริการ ง. ไม่มีการเปลี่ยนแปลง,
ใครมีสิทธิได้รับบริการฟื้นฟูสมรรถภาพทางการเห็น? ก. สิทธิหลักประกันสุขภาพแห่งชาติ ข. สิทธิผู้ประกันตนคนพิการ ค. สิทธิประกันสุขภาพทั่วโลก ง. ก และ ข ถูกต้อง,
โปรแกรมใดที่ใช้สำหรับยาที่มีค่าใช้จ่ายสูงในระบบลงทะเบียนเพื่อตรวจสอบก่อนอนุมัติการเบิกจ่าย? ก. โปรแกรมยา OCPA ข. โปรแกรมยา RDPA DDPA ค. โปรแกรมยา NITP ง. ถูกทุกข้อ,
บุคคลในกรณีใดที่สามารถลงทะเบียนเลือกหน่วยบริการประจำได้ด้วยตนเอง? ก. เด็กแรกเกิด 0-5 ปี ข. บุคคลอายุ 15 ปีบริบูรณ์ขึ้นไป ค. บุคคลที่สิ้นสุดสิทธิประกันสังคม ง. นักศึกษาที่สำเร็จการศึกษาแล้ว,
สิทธิหลักประกันสุขภาพแห่งชาติสามารถครอบคลุมการปลูกถ่ายไตจากผู้บริจาคประเภทใด? ก. จากไตที่มีผู้บริจาค ข. จากญาติสายตรง ค. ทั้ง ก และ ข ง. ไม่มีข้อใดถูกต้อง,
กรณีที่ไม่มีบัตรประจำตัวประชาชนสามารถใช้เอกสารใดในการลงทะเบียนในระบบหลักประกันสุขภาพแห่งชาติ? ก. สูติบัตร ข. ใบทะเบียนบ้าน ทร.14/1 ค. ใบทะเบียนประวัติบุคคล ทร.12 ง. ข้อ ข และ ค,
หน่วยบริการใดบ้างที่ถูกกำหนดให้เป็นหน่วยบริการที่ให้บริการผ่าตัดในย่านนวัตกรรมการแพทย์โยธี? ก. สถาบันประสาทวิทยา ข. โรงพยาบาลราชวิถี ค. โรงพยาบาลพระมงกุฎเกล้า ง. ถูกทุกข้อ,
แหล่งที่มาของเงินกองทุนหลักประกันสุขภาพท้องถิ่นมีอะไรบ้าง? ก. เงินจากกองทุนหลักประกันสุขภาพแห่งชาติ ข. เงินสมทบจากองค์กรปกครองส่วนท้องถิ่น ค. รายได้อื่นๆ หรือทรัพย์สินที่ได้รับ ง. ถูกทุกข้อ,
คนไข้ P012 นัดผ่าตัดเข่ากับ Dr. Robert Martinez วันที่ 2024-08-05 เวลา 08:00 แต่ห้อง OR01 ซ่อมบำรุงอยู่จนถึงช่วง 08:00 น. ควรทำอย่างไร? ก. เลื่อนการผ่าตัด เพราะว่ารพ. นี้มีแค่ห้องผ่าตัดเดียว ข. ใช้ห้องอื่น ค. ใช้ห้องผ่าตัดของแผนกอื่นแทน ง. ยกเลิกการผ่าตัด,
หน่วยบริการใดที่สามารถให้บริการตรวจคัดกรองมะเร็งปากมดลูกได้? ก. หน่วยบริการในระบบหลักประกันสุขภาพแห่งชาติ ข. หน่วยบริการเอกชน ค. หน่วยบริการเฉพาะทาง ง. หน่วยบริการในระบบประกันสังคม,
บริการตรวจหาการติดเชื้อเอชไอวีด้วยตนเอง (HIV self-screening Test : HIVSST) มีอัตราจ่ายเท่าใดต่อครั้ง? ก. 50 บาท ข. 75 บาท ค. 100 บาท ง. 150 บาท,
"การให้คำปรึกษาฝังยาคุมกำเนิดมีค่าใช้จ่ายเท่าใด? ก. 350 บาท ข. 800 บาท ค. 2,150 บาท ง. ไม่มีค่าใช้จ่าย",
การฉีดวัคซีนป้องกันโรคพิษสุนัขบ้าภายใต้สิทธิหลักประกันสุขภาพแห่งชาติสามารถรับบริการได้ในกรณีใด? ก. เมื่อผู้ป่วยสามารถเดินทางกลับไปรับวัคซีนที่ rw.ตามสิทธิได้ ข. เมื่อผู้ป่วยไม่สามารถเดินทางกลับไปรับวัคซีนที่ rw.ตามสิทธิได้ ค. เฉพาะในโรงพยาบาลรัฐบาลเท่านั้น ง. เฉพาะในกรุงเทพมหานครเท่านั้น,
กลุ่มเป้าหมายสำหรับบริการป้องกันและควบคุมภาวะพร่องฮอร์โมนไทรอยด์ (TSH) คือใคร? ก. หญิงตั้งครรภ์ทุกคน ข. เด็กไทยแรกเกิดทุกคน ค. ผู้สูงอายุที่มีความเสี่ยง ง. ไม่มีข้อใดถูกต้อง,
กลุ่มเป้าหมายใดที่สามารถเข้ารับบริการตรวจคัดกรองมะเร็งเต้านมด้วยเครื่องแมมโมแกรมและอัลตราซาวด์? ก. หญิงไทยทุกสิทธิ อายุ 30 ปีขึ้นไป ข. หญิงไทยทุกสิทธิ อายุ 40 ปีขึ้นไป ที่มีประวัติญาติสายตรงเป็นมะเร็งเต้านม ค. หญิงไทยทุกสิทธิ อายุ 50 ปีขึ้นไป ง. หญิงไทยทุกสิทธิ ทุกวัย,
"การตรวจ CBC, FBS, Cr, Chol, TG, SGPT/ALT มีอัตราค่าชดเชยเท่าใดต่อรายการต่อครั้ง? ก. 20 บาท ข. 25 บาท ค. 30 บาท ง. 35 บาท",
สำนักงานหลักประกันสุขภาพแห่งชาติ เขต 13 กรุงเทพมหานคร ตั้งอยู่ในอาคารใด? ก. อาคารบริษัททีโอที จำกัด (มหาชน) ข. อาคารพีซีทาวเวอร์ ค. อาคารรัฐประศาสนภักดี (อาคารบี) ง. อาคารสยามนครินทร์ คอมเพล็กซ์,
"อัตราจ่ายชดเชยเบื้องต้นต่อ AdjRW สำหรับบริการผู้ป่วยในภายในเขตคือเท่าใด? ก. 7,500 บาท ข. 8,350 บาท ค. 9,600 บาท ง. 10,000 บาท",
"สามีที่มีสิทธิประกันสังคมจะสามารถขอรับประโยชน์ทดแทนกรณีคลอดบุตรในอัตราเท่าใด? ก. 10,000 บาท ข. 12,000 บาท ค. 15,000 บาท ง. 20,000 บาท",
ผู้ใช้สิทธิหลักประกันสุขภาพแห่งชาติที่ยังไม่ลงทะเบียนเลือกหน่วยบริการประจำต้องทำอย่างไรเมื่อเข้ารับบริการครั้งแรก? ก. โทรแจ้ง สปสช. ข. ยื่นคำร้องพร้อมเอกสารลงทะเบียน ค. ขอให้เจ้าหน้าที่โรงพยาบาลจัดการให้ ง. ไม่ต้องทำอะไร,
บริการใดไม่ได้อยู่ในกลุ่มเด็กเล็กอายุ 0-5 ปี? ก. บริการป้องกันและควบคุมภาวะพร่องฮอร์โมนไทรอยด์ (TSH) ข. บริการตรวจคัดกรองมะเร็งปากมดลูก ค. บริการยาเม็ดเสริมธาตุเหล็ก ง. บริการเคลื่อนฟลูออไรด์,
โปรแกรมใดที่ใช้ประมวลผลการตรวจพบวัณโรคระยะแฝงในเด็ก? ก. TST ข. NTIP ค. TB Data Hub ง. Seamless for DMIS,
สิทธิใดบ้างที่สามารถรับบริการผ่าตัดแบบไม่ค้างคืน ODS ได้? ก. สิทธิหลักประกันสุขภาพแห่งชาติ ข. สิทธิผู้ประกันตนคนพิการ (D1) ค. สิทธิประกันสุขภาพเอกชน ง. ก และ ข,
"ค่าติดตามการรักษากลุ่ม A ในปี 2568 มีอัตราเท่าใด? ก. 200,000 บาท ข. 250,000 บาท ค. 300,000 บาท ง. 350,000 บาท",
คนไข้มีบาดแผลใหญ่ แพ้ Latex แพทย์และพยาบาลต้องใส่ถุงมือผ่าตัด ควรใช้ถุงมือชนิดไหน? ก. ถุงมือยางธรรมชาติ ข. ถุงมือไนไตร ค. ถุงมือ PVC ง. ถุงมือผ้า,
สิทธิหลักประกันสุขภาพแห่งชาติ (UC) ครอบคลุมการให้บริการในโรคใด? ก. โรค Alpha thalassemia ข. โรค Beta thalassemia/Hb E ค. Homozygous Beta thalassemia ง. ถูกทุกข้อ,
โปรแกรมที่ใช้ในเขต 13 สำหรับการคัดกรองโลหิตจากการขาดธาตุเหล็กคือโปรแกรมใด? ก. e-Claim ข. KTB ค. e-Health ง. HealthConnect,
เด็กชาย 3 ปี กลืนเหรียญ มีอาการไอ หายใจลำบาก ต้องการ X-ray ด่วน แต่เด็กแพ้ยาให้หลับ ควรทำอย่างไร? ก. บังคับให้หลับ ข. ทำโดยไม่ยาหลับ ค. เลื่อนการตรวจ ง. ใช้ยาหลับชนิดอื่น,
โรงพยาบาลใดในกรุงเทพมหานครที่ให้บริการใช้หุ่นยนต์ช่วยผ่าตัด? ก. โรงพยาบาลราชวิถี ข. โรงพยาบาลตำรวจ ค. โรงพยาบาลศิริราช ง. ถูกทุกข้อ,
คนไข้ติดเชื้อในกระแสเลือด แพ้ทั้ง Penicillin และ Sulfa drugs ต้องการยาปฏิชีวนะแรงทันที ควรเลือกยาใด? ก. Vancomycin ข. Trimethoprim-sulfamethoxazole ค. Ampicillin ง. Ceftriaxone,
หมอซาร่าเชี่ยวชาญด้านใดคะ? ก. Diabetes Management ข. Interventional Cardiology ค. Trauma Care ง. Joint Replacement,
การคัดกรองมะเร็งลำไส้ใหญ่และลำไส้ตรง Fit test เริ่มให้บริการสำหรับผู้มีอายุเท่าใด? ก. 15 ปีขึ้นไป ข. 30 ปีขึ้นไป ค. 40 ปีขึ้นไป ง. 50 ปีขึ้นไป,
ระบบใดที่หน่วยบริการใช้บันทึกข้อมูลการเบิกจ่ายสำหรับบริการฝึกทักษะการดำรงชีวิตอิสระสำหรับคนพิการ? ก. ระบบการเบิกอุปกรณ์คนพิการ ข. Disability Portal ค. Seamless for DMIS ง. Krungthai Digital Health Platform,
"แพขนานยนต์สำหรับการเดินทางไป-กลับไม่จำกัดระยะทางมีค่าใช้จ่ายตามจริงไม่เกินเท่าใดต่อครั้ง? ก. 3,000 บาท ข. 4,000 บาท ค. 5,000 บาท ง. 35,000 บาท",
ผู้ป่วยหญิงอายุ 28 ปี ตั้งครรภ์ 20 สัปดาห์ เกิดอุบัติเหตุ ต้องการยาแก้ปวดแรงและปลอดภัยสำหรับครรภ์ ยาไหนที่เหมาะสม? ก. Morphine ข. Codeine ค. Paracetamol ง. Aspirin,
ในกรณีที่หน่วยบริการเดิมไม่เข้าร่วมโครงการบำบัดทดแทนไต ผู้ป่วยควรดำเนินการอย่างไร? ก. ติดต่อหน่วยบริการตามสิทธิ ข. จ่ายเงินเอง ค. รอให้หน่วยบริการเข้าร่วม ง. หยุดการรักษา,
ในกรณีที่เจ้าหน้าที่ขอหนังสือส่งตัวจากต้นสังกัดในโครงการ Cancer Anywhere ควรทำอย่างไร? ก. ไปที่หน่วยบริการที่ขอ ข. ติดต่อสายด่วน สปสช. 1330 เพื่อประสานงาน ค. ขอใบส่งตัวจากต้นสังกัด ง. เปลี่ยนไปใช้หน่วยบริการอื่น,
การตรวจวินิจฉัยทางห้องปฏิบัติการที่ใช้ในการตรวจยืนยันโรคโลหิตจางธาลัสซีเมียในหญิงตั้งครรภ์คืออะไร? ก. การตรวจเลือดทั่วไป ข. Hb typing และ Alpha-thalassemia 1 และ/หรือ beta-thalassemia ค. การตรวจระดับน้ำตาลในเลือด ง. การตรวจความดันโลหิต,
"อัตราค่าจัดเตรียมกระจกตาชั้นในสำหรับการปลูกถ่ายกระจกตาชั้นใน (DSAEK) ในปี 2567 คือเท่าใด? ก. ดวงตาละ 10,000 บาท ข. ดวงตาละ 12,000 บาท ค. ดวงตาละ 13,000 บาท ง. ดวงตาละ 15,000 บาท",
แผนกออร์โธปิดิกส์ต้องไปติดต่อที่ไหน? ก. Building A ชั้น 3 ข. Building B ชั้น 2 ค. Building C ชั้น 2 ง. Building A ชั้น 1,
บริการเคลือบฟลูออไรด์ชนิดเข้มข้นสูงให้บริการได้กี่ครั้งต่อคนต่อปี? ก. 1 ครั้ง ข. 2 ครั้ง ค. 3 ครั้ง ง. 4 ครั้ง,
หากผู้ป่วยฉุกเฉินวิกฤตมีอาการซึมลง เหนื่อยล้า ตัวเย็น หรือมีอาการชักร่วม ควรดำเนินการอย่างไร? ก. รอให้หายเอง ข. นำส่งโรงพยาบาลที่ใกล้ที่สุดทันที ค. โทรปรึกษาแพทย์ก่อน ง. ให้ยาพื้นบ้าน,
ผู้ป่วยที่มีภาวะปากแหว่งจะต้องติดต่อหน่วยบริการที่เข้าร่วมโครงการฯในพื้นที่ใกล้เคียงเพื่ออะไร? ก. รับยา ข. เข้ารับบริการผ่าตัด ค. ลงทะเบียนสัญชาติ ง. ซื้ออุปกรณ์การแพทย์,
"แผนกฉุกเฉินมีผู้ป่วย 3 ราย มาพร้อมกัน: หัวใจวาย, แขนหัก, ปวดท้อง ควรจัดลำดับการรักษาอย่างไร? ก. หัวใจวาย > แขนหัก > ปวดท้อง ข. หัวใจวาย > ปวดท้อง > แขนหัก ค. แขนหัก > หัวใจวาย > ปวดท้อง ง. ตามลำดับมาถึง",
หน่วยงานใดให้บริการข้อมูลสิทธิการรักษาพยาบาลของข้าราชการ? ก. กรมบัญชีกลาง ข. กระทรวงสาธารณสุข ค. สำนักงานประกันสังคม ง. สำนักนายกรัฐมนตรี,
"ระดับเริ่มต้นของความสูญเสียแบบคงที่ (FOLT) กำหนดไว้ที่เท่าใด? ก. 500,000 บาท ข. 1,000,000 บาท ค. 1,500,000 บาท ง. 2,000,000 บาท",
คุณนิรันดร์ (P007) มี GERD กิน Omeprazole อยู่ มีอาการไอเรื้อรัง ควรส่งแผนกไหน? ก. แผนกโรคหัวใจ ข. แผนกทรวงอก ค. แผนกอายุรกรรม ง. แผนกต่อมไร้ท่อ,
ข้อมูลการตรวจหาการติดเชื้อเอชไอวีด้วยตนเองจะถูกบันทึกในระบบใด? ก. ระบบโรงพยาบาลทั่วไป ข. Krungthai Digital Health Platform ค. ระบบการเงินแห่งชาติ ง. ระบบการศึกษาสาธารณสุข,
รายการใดที่สามารถตรวจได้ทุกปีสำหรับผู้ที่มีอายุ 35 ปีขึ้นไป? ก. การตรวจเต้านม ข. การตรวจตา ค. การตรวจปัสสาวะ ง. การตรวจการได้ยิน,
,
,
,
,
,
,
,
,
,
,
,
,
,
,
,
,
,
,
,
,
,
,
,
,
,
,
,
,
,
,
,
,
,
,
,
,
,
,
,
,
,
,
,
,
,
,
,
,
,
,
,
,
,
,
,
,
,
,
,
,
,
,
,
,
,
,
,
,
,
,
,
,
,
,
,
,
,
,
,
,
,
,
,
,
,
,
,
,
,
,
,
,
,
,
,
,
,
,
,
,
,
,
,
,
,
,
,
,
,
,
,
,
,
,
,
,
,
,
,
,
,
,
,
,
,
,
,
,
,
,
,
,
,
,
,
,
,
,
,
,
,
,
,
,
,
,
,
,
,
,
,
,
,
,
,
,
,
,
,
,
,
,
,
,
,
,
,
,
,
,
,
,
,
,
,
,
,
,
,
,
,
,
,
,
,
,
,
,
,
,
,
,
,
,
,
,
,
,
,
,
,
,
,
,
,
,
,
,
,
,
,
,
,
,
,
,
,
,
,
,
,
,
,
,
,
,
,
,
,
,
,
,
,
,
,
,
,
,
,
,
,
,
,
,
,
,
,
,
,
,
,
,
,
,
,
,
,
,
,
,
,
,
,
,
,
,
,
,
,
,
,
,
,
,
,
,
,
,
,
,
,
,
,
,
,
,
,
,
,
,
,
,
,
,
,
,
,
,
,
,
,
,
,
,
,
,
,
,
,
,
,
,
,
,
,
,
,
,
,
,
,
,
,
,
,
,
,
,
,
,
,
,
,
,
,
,
,
,
,
,
,
,
,
,
,
,
,
,
,
,
,
,
,
,
,
,
,
,
,
,
,
,
,
,
,
,
,
,
,
,
,
,
,
,
,
,
,
,
,
,
,
,
,
,
,
,
,
,
,
,
,
,
,
,
,
,
,
,
,
,
,
,
,
,
,
,
,
,
,
,
,
,
,
,
,
,
,
,
,
,
,
,
,
,
,
,
,
,
,
,
,
,
,
,
,
,
,
,
,
,
,
,
,
,
,
,
,
,
,
,
,
,
,
,
,
,
,
,
,
,
,
,
,
,
,
,
,
,
,
,
,
,
,
,
,
,
,
,
,
,
,
,
,
,
,
,
,
,
,
,
,
,
,
,
,
,
,
,
,